location,lat,lon
1 Giri Nagar,,
1 Immadihalli,,
12th cross srinivas nagar banshankari 3rd stage,,
1A Block Koramangala,12.9408685,77.617338
1Hoysalanagar,,
1st Block BEL Layout,13.0703462,77.5555305
1st Block HBR Layout,13.0379805,77.6388488
1st Block HRBR Layout,13.0100548,77.6431061
1st Block Jayanagar,12.9182966,77.5741528
1st Block Koramangala,12.9248167,77.6342492
1st Phase JP Nagar,12.9114349,77.5992958
1st Stage Domlur,12.9679718,77.6367953
1st Stage Indira Nagar,12.9776551,77.6364842
1st Stage Radha Krishna Layout,,
2 Bedroom Furnished Farm House in Kolar Road,,
2Electronic City Phase II,,
2nd Block Bel Layout,13.0729675,77.554357
2nd Block Hrbr Layout,13.0203163,77.6325425
2nd Block Jayanagar,12.9381478,77.5828269
2nd Block Koramangala,12.9256161,77.6368877
2nd Phase JP Nagar,12.9107357,77.5829631
2nd Phase Judicial Layout,12.8653002,77.5372382
2nd Stage Arekere Mico Layout,12.8905542,77.5941914
2nd Stage Nagarbhavi,12.9512353,77.519054
"2nd phase jp nagar, jp nagar",12.9104062,77.5951099
3rd Block Banashankari,12.9278196,77.556621
3rd Block HBR Layout,13.0314059,77.6355596
3rd Block Hrbr Layout,13.0255533,77.6313982
3rd Block Jayanagar,12.933863,77.5830336
3rd Block Koramangala,12.9357366,77.624081
3rd Phase Iti Layout,,
3rd Phase JP Nagar,12.9114349,77.5992958
3rd Stage Raja Rajeshwari Nagar,,
4 Bedroom Farm House in Bagalur,,
4th Block HBR Layout,13.0340406,77.6309958
4th Block Jayanagar,12.9262342,77.5834146
4th Block Koramangala,12.9299843,77.6305001
4th Phase JP Nagar,12.9046372,77.5976425
4th T block Jayanagar,12.9302534,77.5903874
5 Bedroom Farm House in Lakshmipura,,
5th Block Hbr Layout,13.0374664,77.628799
5th Block Jayanagar,12.9200207,77.5811039
5th Phase JP Nagar,12.9010682,77.5859397
5th Stage BEML Layout,13.1501641,77.6688989
5th block Koramangala,12.935464,77.616304
6th Block Jayanagar,12.9292731,77.5824229
6th Block Rajaji Nagar,,
6th Phase JP Nagar,12.9071324,77.5734008
6th block Koramangala,12.9377559,77.6239822
"6th block banashankari 3rd stage, 100 feet ORR",,
7th Block Jayanagar,12.92375,77.5742597
7th Phase JP Nagar,12.9119693,77.5882043
8th Block Jayanagar,12.9381478,77.5828269
8th Phase JP Nagar,12.9104062,77.5951099
8th block Koramangala,12.9287596,77.6287122
9th Block Jayanagar,12.9341998,77.5841516
9th Phase JP Nagar,12.9110032,77.5788747
A Narayanapura,12.9959732,77.678136
AECS LAYOUT A-BLOCK Singasandra,12.8814296,77.6525387
AECS Layout,12.964118,77.7130369
AGB Layout,,
AGS Layout,12.9127651,77.5340498
AMS Layout,13.0877316,77.5585759
Aavalahalli,,
Abbaiah Reddy Layout,12.9792262,77.680936
Abbigere,13.0784176,77.5245316
Abshot Layout,12.9930728,77.5866428
Achins Road,,
Adarsh Nagar,13.0305452,77.609433
Addischetan Layout,,
Adityanagar,,
Adugodi,12.9440234,77.6088867
Agara Village,12.8446015,77.4879398
Agrahara Dasarahalli,12.9830171,77.5399064
Air View Colony,12.9547408,77.6612636
Aishwarya Crystal Layout,,
Akash Nagar,12.9591286,77.6974983
Akshaya Nagar,13.0195427,77.6831272
Akshaya Vana,,
Akshayanagara East,,
Akshayanagara West,,
Akshya Nagar,13.0694057,77.5451149
Alfa Garden Layout,12.9684751,77.5981066
Allalasandra,13.0865924,77.5876245
Alur,12.9604876,77.5700998
Amam Enclave Layout,,
Amarjyothi Colony,,
Ambalipura,12.9173303,77.667161
Ambedkar Colony,12.9708934,77.6951918
Ambedkar Nagar,12.9798531,77.7541055
Amblipura,,
Amco Colony,,
Amrita Nagar,13.0260629,77.5750133
Amruthahalli,13.0648426,77.5993429
Amruthnagar,13.0569904,77.5981092
Anand Nagar,13.0346991,77.5944561
Anand nagar,13.0346991,77.5944561
Anandapura,13.0239276,77.6923621
Anantapura,13.1150894,77.5679972
Anantapuram,13.1147832,77.5789964
Ananth Nagar,,
"Ananthanagar Phase 1,Electronic City , phase 2",,
"Ananthapura, T C palaya Main Road",,
Anathanagar,,
Andrahalli,13.0196883,77.4889451
Anekal,12.7836552,77.7461411
Anekal - Hosur Road,12.6988961,77.7375717
Anjana Nagar,13.0257924,77.6037965
Anjanapura,12.8601312,77.5540587
Anjappa Layout,,
Ankappa Layout,,
Annaiah Reddy Layout,12.9797385,77.624122
"Annapoorneshwari Layout, JP nagar 7th phase",,
Annapurneshwari Nagar,12.9770585,77.6318947
Annasandrapalya,,
Anugrah Layout,,
Anwar Layout,,
Arasanakunte,,
Ardendale,13.0261749,77.766388
Arehalli,12.9084491,77.537781
Arekempanahalli,12.9446007,77.594691
Arekere,12.8872086,77.5960493
Arishinakunte,13.0784775,77.4225682
Ashirvad Colony,12.9398513,77.5740326
Ashok Nagar,12.9694359,77.6092319
Ashraya Layout,12.9858241,77.7054539
Ashwath Nagar,12.9619639,77.6988922
Ashwathnagar,13.026056,77.5789157
Ashwini layout,12.9396583,77.6288969
Asthagrama Layout,,
Atmananda Colony,,
Attibele,12.7751249,77.7709216
Attiguppe,12.9618745,77.5335505
Attur Layout,13.0994536,77.5680336
Austin Town,12.9612736,77.6152935
Avalahalli,12.9459464,77.5409354
Ayappa Nagar,12.9709083,77.6700294
B Channasandra,13.0099152,77.6602721
B K Nagar,12.967755,77.5744105
B Narayanapura,12.9980556,77.6848622
B Y Raveshwara Nagar,,
BAGUR,,
BAGUR ROAD,,
BCC Layout,12.955703,77.5313329
BCMC Layout,12.8766824,77.550238
BDS Layout,,
BEL Layout,13.0729675,77.554357
BEL Road,13.0484221,77.5545881
BEML Layout,12.9611099,77.7164738
BEML Layout 5th Stage,12.9083587,77.5209058
BEML Layout 5th stage,12.9083587,77.5209058
BHEL Layout,12.9184375,77.5092496
BSM Extension,,
BTM 1st Stage,12.9194108,77.609966
BTM 2nd Stage,12.9140788,77.6188862
BTM 4th Stage,,
BTM Layout,12.9140008,77.6102821
BTM Layout 2nd Stage 1st Phase,12.9140082,77.607945
Baba Nagar,12.9695437,77.6300299
Babusapalaya,13.0283523,77.650469
Badavala Nagar,,
Badrappa Layout,13.0514401,77.576034
Bagalakunte,,
Bagalur,13.0079918,77.6184726
Bagalur Main Road,13.1302377,77.6664452
Bahubali Nagar,13.0450669,77.5492146
Balagere,12.9377243,77.7280705
Balaji Gardens Layout,13.0330795,77.6379544
Banagiri Nagar,12.9228552,77.5586323
Banagirinagar,,
"Banasawadi,",13.0144163,77.6509289
Banashankari,12.9278196,77.556621
Banashankari 2 nd Stage,12.8835602,77.5140959
"Banashankari 3rd stage, Vivekanandanagar",,
Banashankari 6th Stage,12.8849238,77.5154846
"Banashankari 6th Stage ,Subramanyapura",12.8933259,77.5219378
"Banashankari 6th stage , 2nd block",12.8849238,77.5154846
Banashankari Stage I,12.8849238,77.5154846
Banashankari Stage II,12.8849238,77.5154846
Banashankari Stage III,,
Banashankari Stage V,12.8849238,77.5154846
Banashankari Stage VI,12.8849238,77.5154846
Banashankari stage 2,12.9278968,77.5622171
Banashankari3rd stage bigbazar,,
Banaswadi,13.0141618,77.6518539
"Banaswadi,",13.0141618,77.6518539
Bande Nallasandra,12.791765,77.6515627
Bandepalya,12.8804001,77.6491258
Banjara Layout,13.0383011,77.6652515
Bank Avenue,13.0225678,77.6527986
Bank Of Baroda Colony,12.893481,77.5837404
Bannerghatta,12.9517452,77.6039506
Bannerghatta Road,12.9426506,77.6027253
Bapuji Nagar,12.9556699,77.5402492
Basapura,12.8686664,77.6441741
Basava Nagar,12.9854757,77.5887667
Basavanagara,12.900973,77.4671249
Basavanapura,13.0093485,77.7108379
Basavangudi,12.9421868,77.5742576
Basavanna Nagar,12.9887336,77.7204129
Basaveshwara Nagar,12.9932739,77.5388099
Basaveshwara Nagar Yelahanka,,
Basaveswarnagar,,
"Basnashankari,6th stage,",,
Basvasamithi Layout Vidyaranyapura,,
Battarahalli,13.015119,77.7094485
Begur,12.8633887,77.6130112
Begur Road,12.8742536,77.6260073
Behind Don Bosco Church,,
Belathur,12.9989822,77.7408733
Belatur,12.9975859,77.7559053
Bellandur,12.9320495,77.6842915
"Bellandur,",12.9320495,77.6842915
Bellari Road,,
"Beml layout, Rajarajeshwari nagar",12.9196528,77.5202202
Bendiganahalli,13.0683794,77.7582582
Bennigana Halli,,
Benson Town,12.997343,77.6036815
Bethel Nagar,13.0054071,77.7172101
Bettadasanapura,12.8416246,77.6318501
Bettahalsoor,,
Bhagyalakshmi Avenue,,
Bharat Nagar,13.0222347,77.5671832
Bharath Housing Society Layout,,
Bharathi Nagar,12.9898432,77.6103341
Bharathnagar,12.9801263,77.4784076
Bhattarahalli,13.0255971,77.7145545
Bhoganhalli,,
Bhoopsandra,,
Bhuvaneshwari Nagar,12.9715261,77.5595225
Bhuvaneswari Nagar,13.0547459,77.6024403
Bidadi,12.8861649,77.5822896
"Bidere Agarahara, Behind Safal market",,
Bidrahalli,,
Bikasipura,,
Bilal Nagar,12.9208594,77.5996086
Bileshivale,13.0543306,77.6710224
Billamaranahalli,13.1503834,77.6374474
Billapura,12.8410686,77.7887246
Billekahalli,,
Binnamangala,12.9839881,77.6416769
Binny Mills Employees Colony,,
Binny Pete,,
Bisuvanahalli,,
Bommanahalli,12.9034581,77.6230028
Bommasandra,12.8160161,77.6892217
Bommasandra Industrial Area,12.8137512,77.6953367
Bommenahalli,13.0742536,77.7465943
Brigade Road,12.967408,77.6065277
Brindavan Layout,12.9683656,77.7606342
Brindavan Nagar,12.9741269,77.6086454
Brooke Bond First Cross,,
Brookefield,12.9652094,77.717936
Budigere,13.1424106,77.7340989
Bull Temple Road,12.954905,77.5674402
Byadarahalli,12.9779094,77.484086
Byagadadhenahalli,,
Byappanahalli,12.9899416,77.6534298
Byatarayanapura,13.068322,77.591006
Byrasandra,12.9295931,77.581181
Byrasandra Extension,,
Byrathi Village,,
CHIKKATIRUPATHI,,
CMH Road,12.9782612,77.6354958
CQAL LAYOUT C BLOCK,,
CQAL Layout,13.0636348,77.5832498
CR Layout,12.874911,77.6107073
CV Raman Nagar,12.9855509,77.668072
Cambridge  road,12.9709964,77.6278632
Cambridge Layout,13.0076481,77.7258907
Canara Bank Colony,12.9311905,77.5908939
Canara Bank Layout,13.068572,77.5783554
Carmelaram,12.9111998,77.7065133
Celebrity Paradise Layout,12.8481732,77.6531976
Chaitanya Ananya,,
Challaghatta,12.9451006,77.651534
Chambenahalli,12.8886379,77.7662379
Chamrajpet,12.9584184,77.5629161
Chamundi Nagar,13.0341222,77.5993048
Chandapura,12.8009043,77.7114908
Chandra Layout,12.955333,77.5238903
Channasandra,12.9872969,77.7538838
Channasandra Layout,12.9847239,77.751479
Chelekare,,
Chellikere,,
Chennammana Kere,,
Chennammanakere Achukattu,,
Chennappa Layout,,
Chickpet,12.9563732,77.7454891
Chikbasavanapura,,
Chikka Banaswadi,13.0057413,77.6508239
Chikka Tirupathi,,
Chikkaballapur,13.0993764,77.388729
Chikkabanavar,,
Chikkabettahalli,13.0894554,77.556171
Chikkabidarakallu,13.0523616,77.4879154
Chikkadunnasandra,12.8501962,77.7742942
Chikkagubbi,13.0822582,77.6616026
Chikkajala,13.1679234,77.6372834
Chikkakannalli,12.893703,77.7081315
Chikkalasandra,12.9121916,77.5476337
Chikkanahalli,12.9058433,77.6202731
Chikkasandra,13.0963679,77.7047925
Chikkathoguru,12.8638459,77.653398
Chikku Lakshmaiah Layout,12.9350706,77.6116041
Chinnapanahalli,12.9661219,77.7071156
Chokkahalli,,
Chokkanahalli,13.0850788,77.6263539
Chokkasandra,13.0405342,77.5112239
Cholanayakanahalli,13.0364498,77.5975272
Choodasandra,12.8883623,77.6799727
Chowdeshwari Layout,13.0613342,77.6420881
Chuchangatta Colony,,
Church Street,12.9746938,77.6525547
Ckikkakammana Halli,,
Classic Paradise Layout,12.8718404,77.6442373
Cleveland Town,12.9940417,77.6116055
Coconut Garden,12.9610387,77.5190523
Coconut Grove Layout,,
Coffee Board Layout,13.0503251,77.6060803
Cooke Town,13.0021998,77.6251814
Cottonpet,12.9680234,77.567984
Cox Town,12.9934858,77.6251081
Craig Park Layout,12.9713834,77.6158386
Crimson Layout,12.9799554,77.7109706
Cubbon Road,12.9761948,77.6115591
Cunningham Road,12.9857312,77.5960537
D Group Employees Layout,12.9777008,77.4987763
D Souza Layout,12.9696296,77.5968003
DUO Layout,12.869333,77.6403046
Daadys Gaarden Layout,,
Dairy Circle,12.9371279,77.6017492
Dasanapura,12.7467724,77.7742876
Dasappa Layout,13.0828573,77.6491865
Dasarahalli,13.0432607,77.5125535
Deepanjali Nagar,12.9520466,77.5370399
Defence Colony,12.976171,77.6435315
Defence Layout,13.0598706,77.5851779
Dena Bank Colony,12.9600676,77.6447244
Devanahalli,13.142344,77.7339688
Devanahalli Int. Airport,,
Devanahalli Road,13.1424106,77.7340989
Devara Jeevanahalli,,
Devarabeesana Halli,,
Devarabisanahalli,12.9234847,77.6869662
Devarachikkanahalli,12.8931539,77.6219724
Devasandra Extension,13.0219498,77.5722288
Devasthanagalu,,
Devi Nagar,13.0161096,77.5288243
Dhanalakshmi Layout,12.9724999,77.651454
Dinnur,13.0268586,77.5985884
Divya Unnathi Layout,,
Doctor Layout Rayasandra,,
Doctors Layout,13.0053365,77.6581854
Dodda Banaswadi,13.0129976,77.6493207
Dodda Kempaiah Layout,13.0362652,77.6710325
Dodda Nekkundi,12.9725581,77.692858
Dodda Nekkundi Extension,,
Doddaballapur,13.1112249,77.5798813
Doddabanahalli,13.0156059,77.744183
Doddabele,12.8884898,77.4716806
Doddabidrakallu,,
Doddabommasandra,13.0544347,77.559327
Doddagubbi,13.0720681,77.6683289
Doddakallasandra,12.8857355,77.5557448
Doddakammanahalli,12.8509089,77.5986785
Doddakannelli,12.9115184,77.6934108
Doddanakundi Industrial Area 2,,
Doddanakunte,,
Doddanekundi,12.9713194,77.6964768
Doddathoguru,12.8505644,77.6466948
Dodsworth Layout,12.9707633,77.7440476
Dollar Scheme Colony,12.9181537,77.6195361
Dollars Colony,13.0413668,77.5678155
Dollars Layout,12.9040098,77.5955558
Dominic Layout,12.9150485,77.5508659
Domlur,12.9624669,77.6381958
Domlur Layout,12.9644251,77.6349677
Dommasandra,12.8777098,77.7534769
Doopanahalli,12.9674584,77.6396382
Dooravani Nagar,12.9947771,77.676929
Dr Shivarama Karantha Nagar,,
Duddanahalli,,
Duvasapalya,12.9230351,77.4959631
Dwaraka Nagar,13.1208483,77.6186871
Dwarka Nagar,13.0880852,77.4949031
"ECC Road, Whitefield,",12.9811905,77.7433061
"EPIP AREA, WHITEFIELD",,
EPIP Zone,12.9781922,77.7246451
Ejipura,12.945245,77.6274776
Electronic City,12.8487599,77.648253
"Electronic City Phase 1,",12.8496783,77.6649749
Electronic City Phase II,12.8473999,77.6724452
"Electronic city Phase 1,",12.8496783,77.6649749
"Electronic city phase 1,",12.8496783,77.6649749
Electronics City Phase 1,12.8401734,77.6595099
Escorts Colony,13.1023262,77.5859726
Esther Enclave Layout,,
Ferrar Nagar,13.1164358,77.5642942
Frazer Town,12.9975851,77.6136744
Friends Colony,12.926326,77.6171749
GB Palya,13.0226152,77.7057327
GD Layout,,
GKW Layout,13.0082322,77.5130081
GM Palaya,12.974779,77.6654084
Gandhi Bazar,12.9457868,77.5706743
Gandhi Nagar,12.9771534,77.5800313
Ganesha Block,13.0253417,77.6019556
Ganga Nagar,13.0232471,77.5883569
Ganga Nagar Extension,,
Ganganahalli,,
Garden Layout,12.9559043,77.7148447
Garebhavipalya,,
Garudachar Palya,12.9899098,77.7011259
Gattahalli,12.8685628,77.7026913
Gattigere,12.9202077,77.5255006
Gaundanapalya,,
Gaurava Nagar,,
Gayathri Nagar,13.0007574,77.5605988
Geddalahalli,13.0367681,77.5675668
Geetanjali Layout,12.9767102,77.6547468
Geleyara Balaga Layout,13.0712823,77.5061497
Gidada Konnenahalli,,
Giri Nagar,,
Gkvk Layout,13.0827075,77.6034629
Glass Factory Layout,12.8762737,77.5668962
Gnana Bharathi,12.9551213,77.5174955
Gokaula Extension,,
Gokula Extension,13.0058913,77.5791562
Gollahalli,12.821532,77.5852714
Gollarapalya Hosahalli,,
Gopal Reddy Layout,12.9690025,77.6934988
Gopalapura,12.9806131,77.5581149
Gopalkrishna Nagar,,
Goraguntepalya,13.0269315,77.54409
Gottigere,12.8565317,77.5877237
Govindapura,13.0314519,77.617598
Govindaraja Nagar Ward,12.9755632,77.5367385
Govindpura,,
Govindraja Nagar,,
Gowdanapalya,12.9082156,77.5577974
Green Domain Layout,12.9728468,77.7148942
Green Garden Layout,12.8727237,77.6451233
Green Glen Layout,12.9269039,77.6701877
Green View Layout,13.0052377,77.6492182
Green Woods Layout,13.0584954,77.6263659
Gubbalala,12.8856635,77.5416809
"Gubbi Cross, Hennur Main Road",13.0843481,77.6541567
Guddadahalli,12.9578934,77.5464445
Gulakamale,12.8037601,77.5284309
Gulimangala,12.8492767,77.7001531
Guni Agrahara,13.0980951,77.525062
Gunjur,12.9209772,77.7361016
Gunjur Palya,12.9228378,77.7188315
HAL 2nd Stage,12.9689409,77.6437106
HAL 3rd Stage,12.9715338,77.6497819
HAL Layout,12.9599648,77.6503055
HBR Layout,13.031992,77.6280789
HMT Layout,13.0276524,77.5921251
HOSUR MAIN ROAD,12.9419903,77.5973807
HOSUR RMAIN ROAD,,
HRBR Layout,13.0141515,77.6340564
HSR Layout,12.9116225,77.6388622
"HSR Layout 7th sector,",12.9193616,77.6511843
Hadosiddapura,12.8964727,77.7014674
Hagadur,12.9649204,77.7558746
Hal old airport road,12.9605468,77.6418995
Halanayakanahalli,12.8966653,77.6855489
Hallehalli,,
Handenahalli,12.8259815,77.7673455
Hanumagiri,12.9180648,77.5363702
Hanuman Nagar,12.9700949,77.6561147
Hanumanth Nagar,12.9473478,77.5634776
Hanumantha Nagar,12.940641,77.5635429
Haralur Road,12.9018012,77.6641767
"Haralur Road,",12.9018012,77.6641767
Harappanahalli,12.7764978,77.6326204
Harlur,12.9058923,77.675465
Harohalli,13.1305028,77.5804603
Harsha Layout,12.9629824,77.3896189
Havanur extension,,
Hebbal,13.0382184,77.5919
Hebbal Kempapura,13.050194,77.6075951
Hegde Nagar,13.0720352,77.6333905
Hegganahalli,13.0034737,77.5107376
Hennagara,12.7906876,77.6741161
Hennur,13.037077,77.6413572
Hennur Bande,13.0367255,77.6405042
Hennur Busstop,,
Hennur Gardens,13.0376905,77.6432902
Hennur Road,13.0351224,77.631944
Herohalli,12.9912345,77.4870119
Hessarghatta,13.0484259,77.5076232
High grounds,12.9865133,77.5830766
Himagiri Meadows,12.8963003,77.5894113
Hiremath Layout,12.9754354,77.5358965
Hommadevanahalli,12.8443528,77.5981019
Hongasandra,12.8986261,77.6286732
Hoodi,12.9959233,77.7192796
"Hoodi Circle,",12.9919623,77.7154228
Hoodi Layout,12.9937325,77.7171734
Horamavu Agara,13.0367725,77.6549479
Horamavu Banaswadi,13.0190926,77.6556774
Hormavu,,
Hosa Road,12.8704543,77.6539943
Hosahalli,12.9660431,77.5414979
Hosahalli Extension,,
Hosakerehalli,12.9299371,77.5374237
Hosakerehalli Layout,12.934592,77.5423407
Hosapalya,12.8974222,77.6496873
Hoskote,13.0318443,77.7618779
Hoskote near,,
Hosur Road,12.910142,77.6270827
Howthinarayanappa Garden,,
Hoysalanagar,,
Hsr layout sector3,,
Hulimavu,12.8773486,77.6028031
Hullahalli,12.8244922,77.6175213
Hunasamaranahalli,13.1398615,77.6230512
Huskur,12.8607674,77.7071019
Huttanahalli,,
ISRO Layout,12.8974283,77.5573828
ITI Employees Layout,,
ITI Layout,12.9665733,77.5016708
ITPL,12.9846295,77.7377329
Iblur Village,,
Iggalur,12.781144,77.7014486
Ilyas Nagar,12.9070386,77.569309
Immadihalli,12.9663991,77.762046
Indira Nagar,12.9732913,77.6404672
Indira Nagar 3rd Stage,12.9768429,77.6465919
Indira Nagar Stage 2,12.9732913,77.6404672
Indiranagar HAL 2nd Stage,12.9702598,77.6451261
Indra Nagar,,
Indranagar  100ft road defence colony,,
Infantry Road,12.9800074,77.6050137
Ittamadu,12.9233593,77.5418698
J C Nagar,15.3508066,75.1420273
J P Nagar 7th Phase Ramayya City,,
J.P.nagar 6th Phase.Sarakki Nagar,,
JCR Layout,12.933134,77.7043284
JP Nagar,12.9096941,77.5866067
"JP Nagar 7th Phase,",12.9118423,77.5870665
"JP Nagar 8th Phase,",12.9104062,77.5951099
"JP nagar 9th Phase,",12.8681419,77.5628221
Jagadish Nagar,12.9650798,77.6646521
Jagajyothi layout,,
Jai Bheema Nagar,12.9194294,77.6169759
Jakkasandra,12.9206827,77.6357104
Jakkasandra Extension,12.927699,77.6409796
Jakkur,13.0784743,77.6068938
Jakkur Plantation,13.0834599,77.5980019
JakkurYelahanka,,
Jakkuru Layout,13.0763895,77.6057269
Jaladarsini Layout,,
Jalahalli,13.0394104,77.5197351
Jalahalli East,13.0578317,77.5462216
Jalahalli West,13.045979,77.5222447
Janatha Colony,12.8694807,77.6960796
Javarandoddi,,
Jaya Mahal layout,,
Jaya Nagar East,,
Jayamahal,12.9959881,77.6014036
Jayamahal Extension,13.0011064,77.5969579
Jayanagar,12.9292731,77.5824229
"Jayanagar,",12.9292731,77.5824229
Jayanti Nagar,13.058277,77.6422554
Jaymahal Road,,
Jeevan bima nagar,,
Jeevanhalli,,
Jigani,12.7764978,77.6326204
Jinkethimmanahalli,,
Jnana Ganga Nagar,,
Jnanabharathi Layout,,
Jogupalya,12.9746882,77.628026
Jp nagar 8th Phase .,12.9104062,77.5951099
Judicial Layout,13.0837692,77.5860438
"Judicial Layout, Kanakapura Road,",12.8616691,77.5301618
Junnasandra,12.9064203,77.6835161
Jyothi Nagar,12.8641456,77.5817188
K G Colony,13.027497,77.5869989
K R C kothanur,,
KAMAKIYA,,
KEB Colony,12.9347657,77.5685736
KG Halli,13.0568608,77.5327052
KHB Colony Extension,,
KPC Layout,12.9041861,77.6778517
KR Garden,12.9549208,77.6565969
KR Layout,12.9549835,77.6532944
KR Puram,13.007516,77.695935
KSRTC Layout,12.9128386,77.5934931
KUDLU MAIN ROAD,12.8921814,77.6483362
Kachanayakanahalli,12.7990299,77.6830517
Kacharakanahalli,13.0222071,77.6319093
Kada Agrahara,13.0815052,77.69505
Kadabagere,12.9857708,77.4789451
Kadarenahalli,12.9119181,77.5646668
Kadubeesanahalli,12.938965,77.6964066
Kadugodi,12.9957428,77.7579489
Kadugondanahalli,13.0207029,77.6215464
Kaggadasapura,12.9812262,77.6745845
Kaggalipura,12.8089587,77.5097006
Kaikondrahalli,12.9138348,77.6775268
Kalasipalya,12.9584549,77.5808236
Kalena Agrahara,12.8658068,77.5911918
Kalhalli,12.8803569,77.7708542
Kalkere,13.0344453,77.6766779
Kalkere Channasandra,13.0377497,77.6881098
Kallumantapa,,
Kalyan nagar,13.0221416,77.6403368
Kamakshipalya,12.9858669,77.5331755
Kamakya Layout,12.9239667,77.5492664
Kamala Nagar,12.9450536,77.5586486
Kambipura,12.8822711,77.4606466
Kamdhenu Nagar,12.9960265,77.6864573
Kammagondahalli,,
Kammanahalli,13.0148544,77.6382029
Kammasandra,13.079198,77.7136366
Kanaka Nagar,13.0374105,77.6082063
Kanakadasa Layout,12.9823009,77.5896603
Kanakapur main road,,
Kanakapura,12.9189383,77.5739265
Kanakapura  Rod,,
Kanakapura Main Road,12.9421348,77.5768444
Kanakapura Road,12.8622076,77.5303418
"Kanakapura Road,",12.8622076,77.5303418
Kanakapura main  Road,12.9421348,77.5768444
Kanakpura Road,12.8856913,77.5526564
Kannamangala,13.0154819,77.7631515
Kannur,13.1014045,77.6356543
Kariyammana Agrahara,12.9371495,77.6873031
Karnataka Shabarimala,,
Karuna Nagar,12.921008,77.5878683
Kasavanhalli,12.9047595,77.6759172
Kashi Nagar,13.0084602,77.6609259
Kasthuri Nagar East Of NGEF,,
Kasturi Nagar,13.0015277,77.6512362
Kathreguppe,,
Kathriguppe,12.929217,77.549692
Kathriguppe IV Phase,,
Kattigenahalli,13.1177735,77.6261222
Kaval Byrasandra,13.0200235,77.6092887
Kaverappa Layout,12.9367886,77.6980587
Kaveri Nagar,13.0326126,77.6096168
Kavika Layout,,
Keerthi Layout,12.7963302,77.7101094
Kempapura,13.0478903,77.6096313
Kempegowda Nagar,13.0025745,77.5256814
Kenchanehalli R R Nagar,,
Kenchenahalli,12.9267912,77.5132978
Kenchenhalli,,
Kengeri,12.9176571,77.4837568
Kengeri Hobli,,
Kengeri Satellite Town,12.9229728,77.4842926
Kengeri Satellite Town ( BDA SITE),,
Kengeri Satellite Town KHB Apartment,,
Kengeri Satellite Town Stage II,,
Kereguddadahalli,13.0794507,77.5155027
Keshava Nagar,12.9598176,77.5335655
Kirloskar Layout,13.0669639,77.5009307
"Kirloskar layout, Basaveshwarnagar",,
Kithaganur,,
Kodanda Reddy Layout,,
Kodathi,12.8905129,77.7133427
Kodbisanhalli,,
Kodichikkanahalli,12.8966996,77.6124269
Kodigehaali,,
Kodigehalli,13.0031666,77.7272835
Kodihalli,12.9635497,77.6460411
Kodipalya,12.9004224,77.4871294
Kogilu,13.1067228,77.6173956
Konanakunte,12.8792861,77.5697529
Konanakunte Cross,12.890447,77.5640809
Konappana Agrahara,12.8528618,77.668169
Konena Agrahara,12.9528903,77.6511294
Koppa,12.8548787,77.6096546
Koramangala,12.9357366,77.624081
Koramangala Industrial Layout,12.9332863,77.6147149
Kothannur,,
Kothanur,12.8701259,77.5820178
Kothnoor Dinne,,
Kothnur Narayanapura,,
Krishna Nagar,12.8775024,77.5845488
Krishna Reddy Layout,12.924189,77.6737223
Kudlu,12.8889126,77.6555716
Kudlu Gate,12.8899174,77.6396808
"Kudlu Village,",,
Kullappa Colony,,
Kumara Park,12.9922298,77.5783472
Kumarapalli,,
Kumaraswami Layout,,
Kumbalgodu,,
Kumbena Agrahara,13.0017965,77.7473882
Kumbhena Agrahara,,
Kundalahalli,12.977594,77.7155586
Kundalahalli Colony,12.9706554,77.7115645
Kurubarahalli,13.0012139,77.5362964
Kuvempu Layout,12.9133887,77.6043111
Kuvempu Nagar,12.9144469,77.6137532
Kyalasanahalli,13.0564575,77.6591321
LB Shastri Nagar,12.9660384,77.6708961
LIC Colony,12.9091489,77.5853379
Laggere,13.0108677,77.5207301
Lake City,12.8997376,77.6173368
Lakkasandra,12.9381829,77.6002563
Lakkasandra Extension,,
Lakshmi Layout,12.8913057,77.5878632
Lakshmiamma Garden,,
Lakshminarayana Pura,,
"Lakshminarayanapura, Electronic City Phase 2",,
Lakshmipura,13.0875111,77.5314071
Lakshmipura Vidyaanyapura,,
Lal Bahadur Shastri Nagar,12.9678103,77.6715478
Lalbagh Road,12.9549004,77.5855742
Langford Gardens,12.9631709,77.598018
Langford Town,12.957998,77.6037312
Lavakusha Nagar,,
Lavelle Road,12.9722287,77.5986661
Laxmi Sagar Layout,,
Laxminarayana Layout,,
Lingadheeranahalli,,
Lingarajapuram,13.0093949,77.6267881
Lottegolla Halli,,
M C Layout,12.9730957,77.5353937
M.G Road,12.9726546,77.6183454
MCECHS  layout,13.0725802,77.6152451
"MEI layout, Bagalgunte",,
MLA Layout,13.0179119,77.5906795
MRCR Layout,,
MS Pallya,,
Madanayakahalli,,
Madavara,13.0574214,77.4728055
Madiwala,12.9218931,77.6177348
Magadi Road,12.975608,77.5553564
Mahadevpura,12.9968412,77.6928386
Mahaganapathy Nagar,,
Mahalakshmi Layout,13.0113153,77.5446972
Mahalakshmi Puram,,
Maheswari Nagar,,
Mailasandra,12.915939,77.4932278
Maithri Layout,12.9848621,77.7559192
Makali,13.0655449,77.4533438
Malimakanapura,,
Mallappa Layout,,
Mallasandra,13.0548302,77.5155741
Mallathahalli,12.969649,77.5023618
Malleshpalya,12.9744129,77.6743533
Malleshwaram,13.0027353,77.5703253
Malur Hosur Road,,
Manayata Tech Park,13.0454837,77.6266492
Mangammanapalya,12.9075288,77.6350312
Mango Garden Layout,,
Manjunath Nagar,12.9536329,77.6543602
Manjunatha Layout,13.0250058,77.7001393
Manonarayanapalya,,
Manorayana Palya,13.0296633,77.6061427
"Maragondana Halli, kr puram, old madras road",,
Maragondanahalli,13.0376489,77.6922232
Marasandra,13.1039235,77.7114248
Marathahalli,12.9552572,77.6984163
Marathalli bridge,12.9563664,77.7069965
Marathi Layout,12.9114081,77.6443062
Marenahalli,12.9182594,77.5916651
Margondanahalli,13.0302592,77.6935252
Mariyannapalya,,
Marsur,12.7678915,77.7043732
Maruthi Extension,12.9976424,77.5631012
Maruthi HBCS Layout,12.9977407,77.5418368
Maruthi Layout,12.9204015,77.6067432
Maruthi Nagar,12.9746062,77.6756305
Maruthi Sevanagar,13.0027048,77.6346165
Maruthi nagar kogilu,,
Mathikere,13.0333587,77.5581786
Mathikere Extension,,
Mathikere SBM colony,13.0372442,77.5566011
Medahalli,13.0278454,77.7206079
Medaralli,,
Medi Agrahara,13.1029398,77.52051
Meenakunte,,
Michael Palaya,12.9844888,77.6467705
Mico Layout,12.9129858,77.6037799
Milk Colony,13.0093324,77.5583026
Millers Road,12.9952022,77.6030016
Moodalapalya,12.9721131,77.5215397
Motappa Layout,,
Mukkutam Nagar,,
Mullur,,
Muneshwara Nagar,13.0052451,77.7132511
Munivenkatppa Layout,,
Munnekollal,,
Murugeshpalya,12.9589406,77.6555917
Muthurayya Swamy Layout,,
Muthyala Nagar,,
Mylasandra,12.9160293,77.497544
Mysore Highway,12.8822917,77.4479257
Mysore Road,12.9467026,77.5300705
NGR Layout,,
NR Colony,12.9388164,77.568326
NRI Layout,13.0271999,77.6792114
NS Palya,12.9089511,77.6035005
NTI Layout,,
Nagadevanahalli,12.939922,77.4913207
Naganathapura,12.8755868,77.6673054
Nagappa Reddy Layout,12.9599768,77.7154704
Nagaraja Garden,,
Nagarbhavi,12.9512353,77.519054
Nagarbhavi  BDA Complex,12.9793561,77.5105425
Nagarbhavi Garden Villas Layout,,
Nagasandra,13.0479536,77.5001422
Nagashetty Halli,,
Nagavara,13.0374647,77.623602
Nagavarapalya,12.9866903,77.6577863
Nagawara Junction,13.0454631,77.626723
Nagondanahalli,12.97516,77.7703403
Naidu Layout,13.0332707,77.5730946
Nallurhalli,12.9766408,77.7248845
Nandi Durga Road,13.0044951,77.5948451
Nandi Hills,,
Nandini Layout,13.0125961,77.5333145
Nanjappa Garden,13.0234077,77.6504121
Nanjappa Layout,13.0682587,77.5566819
Nanjappa Layout Vidyaranyapura,13.0682587,77.5566819
Narasapura,13.0721622,77.5587998
Narayana Nagar 1st Block,,
Narayanappa Garden,12.9647744,77.7511974
Narayanapura,13.0716969,77.6193949
Navodaya Nagar,12.8823286,77.5828765
Nayandanahalli,,
Ncpr Industrial Layout,12.9859833,77.7128318
"Near Electronic City,",12.9984475,77.5423888
Near International Airport,,
Near ullas theater,,
Neeladri Nagar,12.8414612,77.6479661
Neelamangala,,
Neelasandra,12.9523859,77.6152058
Nehru Nagar,12.9829907,77.5744995
Nelamangala,13.0979667,77.3945591
New Gurappana Palya,12.9242342,77.6041393
New Thippasandra,12.9761264,77.660815
Ngef Layout,12.9592694,77.5093895
Nirman Layout,,
Nobo Nagar,12.8679232,77.5962356
Nyanappana Halli,,
OLd Gurappanapalya,,
OMBR Layout,13.0082113,77.652778
Off Bannergatta Road,,
Off Bannergatta road,,
"Off Sarjapur Road,",12.9098432,77.6878366
"Off Sarjapur road,",12.9098432,77.6878366
Okalipura,12.9825341,77.5678787
Old Airport Road,12.9591061,77.6595688
Old Madras Road,13.0069152,77.6882534
Old Mangammanapalya Road,12.899926,77.6358309
Omarbagh Layout,,
Omkar Nagar,12.89,77.5973052
Outer Ring Road East,12.9792116,77.6952364
P Krishnappa Layout,12.9070818,77.6929357
P&T Colony,12.9597301,77.6421523
P&T Layout,13.0124489,77.6960226
PC Palaya,12.993425,77.7005156
PNS Layout,13.0648728,77.5841846
Padmanabhanagar,12.9181024,77.5576638
Pai Layout,12.993111,77.6666772
"Pai layout , Mahadevapura",,
Palace Guttahalli,12.999489,77.5843469
Palace Road,12.9751459,77.5825554
Palanahalli,13.1163349,77.6146643
Pampa Extension,13.0544256,77.5991953
Panathur,12.9351457,77.7047541
"Panathur Road,",12.9554389,77.7004848
Panduranga Nagar,12.8930758,77.5961351
Papareddipalya,,
Parappana Agrahara,12.8802088,77.6658442
Patelappa Layout,,
Pattanagere,12.9200602,77.506701
Pattandur Agrahara,12.9876393,77.7377718
Peenya,13.0330515,77.5332233
Phase 1 Kammasandra,13.079198,77.7136366
Pillahalli,13.1025289,77.4287996
Pillanna Gardens,,
Poorna Pragna Layout,12.9089902,77.5327496
Poornapragna Housing Society Layout,,
Popular Colony,,
Postal Colony,13.0351918,77.5771223
Pragathi Nagar,12.957534,77.7009125
Prakash Nagar,12.9948984,77.5635409
Prakruthi Nagar,13.0978966,77.6157367
Prasanna layout Herohalli,12.9974648,77.4970838
Prasanth Extension,,
Prasanti Nagar,,
Prashanth Nagar,12.9776188,77.5313254
Prestige Sunrise,12.8334817,77.6631176
Prithvi Layout,12.977178,77.7436455
Pulikeshi Nagar,,
Pulkeshi Nagar,,
Punappa Layout,,
Puttanahalli,13.1119851,77.5770582
Puttappa Layout,12.9709603,77.6527383
Queens Road,13.0286549,77.5719067
R.T. Nagar,13.0254156,77.5960071
RBI Layout,12.8873819,77.5840351
RK Layout 2nd Stage,13.0274554,77.5772913
RMC YARD,13.0244143,77.5482175
RMV,13.0360109,77.5695288
RMV 2nd Stage,13.0360109,77.5695288
RMV Extension,13.0356488,77.574775
RMV Extension Stage 2,13.0222132,77.5781101
"RMV extension stage 2, rmv extension",,
RPC layout,12.9609115,77.5358407
RR Layout,12.9156177,77.6347321
RR Nagar,12.9314733,77.5290964
RTO ullalu,,
RWF West Colony,,
Race Course Road,12.9819671,77.5766178
Rachenahalli,13.0588586,77.6232576
Raghavendra Layout,12.8918925,77.579749
Raghavendra Nagar,12.8918543,77.5777361
Raghuvanahalli,13.0850111,77.7600477
Rahat Bagh,12.9914863,77.6613684
Rahmath Nagar,13.0173076,77.5917019
Rainbow Drive,12.9062184,77.6868318
Raja Rajashweri Nagar,,
Raja Rajeshwari Nagar,12.932582,77.5162034
Raja Rajeshwari Nagar 5th Stage,,
Raja Rajeshwari Nagara,12.9299784,77.5206938
Rajaji Nagar,12.9945063,77.554298
Rajankunte,13.1729749,77.5669132
Rajanna Layout,12.930774,77.5968998
Rajapura,12.7831791,77.6631594
Rajarajesheari nagar,,
Rajarajeshwari Nagara,12.9193976,77.5180364
Rajarajeshwari nagar,12.9274413,77.5155224
Rajarajeshwarinagar,12.9061275,77.519558
Rajasree Layout,13.0686085,77.5562896
Rajiv Gandhi Nagar,13.0529919,77.5842533
Rajiv Nagar,13.0529919,77.5842533
Ramagondanahalli,12.9558969,77.7405826
Ramakrishnappa Layout,12.9778951,77.5164792
Ramamohanapuram,,
Ramamurthy Nagar,13.0120218,77.6777817
Ramamurthy Nagar Extension,12.995811,77.5663291
Ramanagara Channapatna,,
Ramanashree Enclave,,
Ramanjaneyanagar,,
Ramaswamy Palya - Kammanahalli Main Road,,
Ramchandrapuram,,
Ramesh Nagar,12.9633466,77.6800333
Rammana Layout,,
Rayasandra,12.8795774,77.6719842
Reliaable Tranquil Layout,,
Reliable Woods Layout,,
Remco Bhel Layout,,
Rest House Road,12.9737631,77.6064116
Richards Town,13.0042369,77.6170601
Richmond Road,12.9664415,77.6077724
Richmond Town,12.963555,77.6015856
Ring Road Nagarbhavi,12.9605743,77.5127492
Roopena Agrahara,12.91064,77.6238263
Rukmaiah Layout,,
Rustam Bagh Layout,,
S R Layout,12.9034217,77.5828148
SARJAPUR BAGALUR ROAD,,
SBM Colony,12.938813,77.5526032
SHANTHINAGAR,12.9578068,77.5994152
SK Garden,13.0045682,77.6069927
SMV layout,12.8819431,77.6728073
SRINIVASAPURA,13.1062092,77.6239014
Sabari Nagar,12.971655,77.6058944
Sadahalli,13.2042628,77.6458748
Sadanand Nagar,,
Sadaramangala,12.9989026,77.7375086
Sadashiva Nagar,13.0110193,77.5808641
Sadduguntepalya,,
Sadhguru Layout,12.9957271,77.5862314
Sahakara Nagar,13.0621474,77.5800614
Sahyadri Layout,12.9064193,77.5633803
Sai Gardens,12.9467591,77.6760671
Samethanahalli,,
Sampangi Rama Nagar,12.9666076,77.5925094
Sampangirama Nagar,12.9795587,77.589992
Sampige Layout,12.9764697,77.528243
Sampigehalli,13.0805925,77.6291328
Sanjay nagar,12.9578658,77.6958748
Sanjeevini Nagar,12.9162546,77.5891812
Sanne Amanikere,,
Saptagiri Layout,12.8451256,77.6457413
Sarakki Nagar,12.9106407,77.5845458
Sarjapur,12.9694037,77.5870258
Sarjapur  Road,12.9244884,77.6451418
"Sarjapur Road,",12.9243414,77.6448784
Sarjapura - Attibele Road,,
Sarvabhouma Nagar,12.9124073,77.5466561
Sarvobhogam Nagar,,
Sathanur,13.0735244,77.6214579
Sathya Layout,12.989889,77.7186215
Sathya Sai Layout,12.9327296,77.7039713
Satyasaibaba Layout,,
Sector 1 HSR Layout,12.9118559,77.6516888
Sector 2 HSR Layout,12.9118578,77.6517238
Sector 4 HSR Layout,12.9145663,77.6446063
Sector 6 HSR Layout,12.9156177,77.6347321
Sector 7 HSR Layout,12.9093675,77.6407794
Seegehalli,13.0164845,77.71748
Seethappa Layout,,
Seetharampalya,12.9813697,77.7086129
Seshadripuram,12.9946631,77.5747183
Shakthi Nagar,13.0178699,77.6165505
Shampura,13.0309565,77.6111581
Shankarapuram,12.9528538,77.5703309
Shanthala Nagar,12.9714173,77.5994394
Shanthi Layout,13.0167674,77.6834304
Shanthi Pura,,
Shanti Nagar,12.9555367,77.5924278
Shantiniketan Layout,12.8824524,77.6024627
Shauhardha Layout,,
Shettigere,13.1954297,77.649453
Shettihalli,13.0587626,77.5263725
Shetty Halli,13.0502833,77.525675
Shikaripalya,12.8359685,77.6571728
Shingapura,,
Shirdi Sai Layout,12.9135912,77.6067733
Shirdi Sai Nagar,12.969801,77.6303775
Shivaji Nagar,12.9883249,77.6004488
Shivanagar,12.9865226,77.5494848
Shree Ananth Nagar Layout,,
Siddapura,12.9464207,77.5920877
Sidedahalli,13.0625424,77.4953754
Silk Board,12.9167139,77.6214094
Silver Springs Layout,12.9582324,77.7098778
Sindhi Colony,12.9946318,77.6165816
Singanayakanahalli,13.1478621,77.5693207
Singapura Village,13.0797045,77.5384544
Singasandra,12.8787382,77.642089
Singena Agrahara,12.8400642,77.7126767
Sir M V Nagar,12.9312736,77.5704231
Sneha Colony,12.9987826,77.6177648
Somanna Garden,,
Somasundara Palya,,
Someshwara Layout,12.9035976,77.6938015
Sompura,12.8778283,77.4972385
Sonam Layout,,
Sonnenahalli,12.9433048,77.4801187
Soppahalli,12.7483443,77.6763175
Soundarya Layout,13.066906,77.4967968
Sree Narayana Nagar,12.8837645,77.5507558
Sri Balaji Krupa Layout,12.8732692,77.6460654
Sri Kanteshwara Nagar,,
Sri Sai Layout,13.0395959,77.64454
Sri Venkateshpura Layout,,
Srigandada Kaval,12.9851531,77.5032883
Srinagar,12.9484488,77.5514971
Srinivas Colony,12.9639012,77.6472266
Srinivasa Nagar,12.9877574,77.5378544
Srirampura,12.9964948,77.5632993
Srirampuram,,
St Thomas Town,13.0065573,77.6224071
St. John's Road,12.9865304,77.6158573
Stage-4 Bommanahalli,,
Subash Nagar,12.9284049,77.5179223
Subbannaiah Palya,,
Subhash Nagar,12.9899856,77.5719656
Subramanya Nagar,13.0047903,77.5599387
Subramanyapura,12.8992578,77.5321721
Suddaguntepalya,12.931045,77.6098888
Sugama Layout,,
Sultan Palaya,12.9639079,77.5687792
Sulthangunta,,
Sundar Ram Shetty Nagar,,
Sundara Nagar,12.97293,77.6151399
Sunder Ram Shetty Nagar,,
Sunkadakatte,12.9951556,77.5022163
Sunkan palya,,
Surabhi Layout,13.0930374,77.6002443
Suragajakkanahalli,12.7361919,77.6654422
Suraksha Nagar,12.9749426,77.6063997
Suryanagar,12.7731527,77.6864397
Syndicate Bank Colony,12.9798772,77.5286425
T C Palya main Road,13.020674,77.6861834
T Dasarahalli,13.0450201,77.5076896
T G extension,13.0013982,77.6019511
T K Reddy Layout,,
T R Mill Road,,
T c palya,13.0160374,77.6910921
T.C PALYA,13.0160374,77.6910921
TC Palaya,13.0105743,77.6932572
"TR Mill Road, Chamarajpet",,
Tala Cauvery Layout,,
Talaghattapura,,
Tasker Town,12.9801622,77.605818
Tata Nagar,12.9358121,77.5150011
Tavarekere,12.9220045,77.6096347
Teachers Colony,12.9188265,77.6341185
Tejaswini Nagar,12.8601269,77.6053051
Telecom Layout,12.965528,77.5467051
Thanisandra,13.0522499,77.6316152
"Thanisandra Main Road,",13.0401602,77.6243306
Thanisandra main road,13.0403517,77.6243304
Tharabanahalli,13.101684,77.4798441
Thigalarapalya,13.0170955,77.4829741
Thippasandra,12.973936,77.6509982
Thirumalashettyhally,,
Thirumenahalli,13.0901794,77.6334125
Thirupalya,12.821203,77.6660463
Thomas Town,13.0065573,77.6224071
Thubarahalli,12.9547872,77.7213154
Thurahalli,,
Thyagaraja Nagar,12.931392,77.5683011
Thyagraj Nagar,,
Tigalarpalya,,
Tilak Nagar,12.9275876,77.5947124
Tindlu,13.0750074,77.5673264
Tippenahalli,13.0368275,77.4882249
Tirumanahalli,,
Tumkur Road,13.0161949,77.556284
Tunganagara,12.985503,77.485068
Uday Nagar,12.9908579,77.6718143
Udaya Nagar,12.9963615,77.6724503
Udayagiri,,
Udayapur Village,,
Ullal Road,12.9553191,77.4935554
Ullal Uppanagar,,
Ulsoor,12.9778793,77.6246697
Upadhyaya Layout,,
Upkar Layout,12.961396,77.4833965
Uttarahalli,12.9055682,77.5455438
Uvce Layout,,
V.V Puram,12.9500602,77.5768521
VGP Layout,,
VHBCS Layout,,
Vadarpalya,,
Vaderahalli,13.0972541,77.5390599
Vaishnavi Layout,13.0768415,77.5529965
Vajarahalli,12.8774369,77.5447414
Varanasi,13.0304962,77.6860657
Varsova Layout,,
Varthur,12.9406508,77.746988
Varthur Road,12.9561094,77.7295768
"Varthur Road,",12.9561094,77.7295768
Vasantapura main road,12.8876583,77.5507012
Vasanth nagar,12.9921738,77.591459
Vasantha Vallabha Nagar,,
Vasanthapura,12.8894951,77.5596744
Vasanthpura,,
Vasatha Vallbha Nagar,,
Vayunandana Layout,,
Veer Sandra,12.8389813,77.6750305
Veerabhadra Nagar,12.9682085,77.6823937
Veerannapalya,13.0424788,77.613342
Veersandra,,
Venkatadri Layout,12.9479007,77.6994103
Venkatapura,12.8839153,77.47028
Venkateshpuram,13.013003,77.6189465
Venkateswara Nagar,13.04055,77.5569571
Venugopal Reddy Layout,,
Versova Layout,12.9838691,77.6684718
Vibhutipura Extension,,
Vibuthipura,12.9679839,77.6782243
Victoria Layout,12.9656579,77.6142682
Vidhyanagar Cross,,
Vidya Nagar,12.9842424,77.5865075
Vidyaranyapura,13.0766407,77.5577315
Vignana Nagar,13.0705989,77.5867134
Vijay Nagar,12.9061307,77.5919954
Vijaya Bank Colony,12.8934265,77.6097166
Vijaya Bank Layout,12.8822364,77.6138592
Vijayabank bank layout,,
Vijayanagar,12.9709537,77.5373851
Vijaypura,,
Vijinapura,13.0039028,77.6736303
Vikram Nagar,12.8994971,77.5613308
Vimanapura,12.96218,77.6635462
Vinayak Nagar,,
Vinayaka Layout,12.9682111,77.5116639
Vinayaka Nagar,12.9872184,77.5230958
Virat Nagar,12.9036108,77.6208615
Virgonagar,13.0537687,77.7173308
Virudhu Nagar,,
Virupakshapura,13.0638109,77.5717581
Vishveshwarya Layout,,
Vishwanatha Nagenahalli,13.036775,77.6036324
Vishwapriya Layout,,
Vishwapriya Nagar,,
Viswajit Layout,,
Viswapriyanagar.begur Road.bommanahalli.,,
Vittal Mallya Road,12.969538,77.594475
Vittal Nagar,12.9012176,77.5550809
Vittasandra,12.8699226,77.6272278
Vivek Nagar,12.9529247,77.6231374
Viviani Road,13.0036422,77.6156972
Volagerekallahalli,,
Vyalikaval,13.0042636,77.5751704
Wajid layout thanisandra,,
Weavers Colony,12.8454948,77.5831295
West of Chord Road,12.9974416,77.550126
Wheelers Road,12.9995759,77.6230526
"Whietfield,",,
Whitefield,12.9957428,77.7579489
Whitefield ECC Road,,
"Whitefield,",12.9957428,77.7579489
Williams Town,12.9991567,77.6067556
Wilson Garden,12.9489339,77.5968273
Xavier Layout,12.9649574,77.6120795
Yarandahalli,12.8087698,77.6673579
Yediyur,12.9301531,77.5763445
Yelachenahalli,12.9006508,77.569226
Yelahanka,13.1006982,77.5963454
Yelahanka New Town,13.0978039,77.5811889
"Yelahanka,MVIT college",,
Yelenahalli,12.8646227,77.6081639
Yemlur,12.9438959,77.6783535
"Yemlur, Old Airport Road,",,
Yeshwanthpur,13.0176937,77.5555009
Yeshwanthpur Industrial Suburb,,
Zuzuvadi,,
adigondanhalli,,
akshaya nagar t c palya,,
anjananager magdi road,,
arudi,13.48395,77.4049643
"asha township, off hennur road",,
banashankari stage iii sa,,
basaveshwarnagar,,
"beml layout, basaveshwara nagar",,
cooketown,,
elachenahalli,,
frazertown,,
ittamadu,12.9233593,77.5418698
kadubisnahalli,,
kamanahalli main road,,
kanakapura main road,12.9421348,77.5768444
kanakapura road,12.8622076,77.5303418
kg halli jalhalli west,,
manyata,13.0196646,77.6550064
manyata park,13.0551983,77.62124
manyata tech park,13.0482891,77.6211004
mvj engineering college,12.984887,77.7622799
near Ramanashree California resort,,
pavitra paradise,,
poornaprajna layout,12.908823,77.535944
"ravindra nagar, T.dasarahalli peenya",,
rr nagar,12.9314733,77.5290964
sankeswari,,
sapthagiri Layout,13.0368052,77.4960405
sarjapura main road,12.8757178,77.6721743
singapura paradise,,
south,12.9287596,77.6287122
t.c palya,13.0160374,77.6910921
tc.palya,13.0226152,77.7057327
"white field,kadugodi",,
whitefiled,13.0318443,77.7618779
