location,lat,lon,dist_to_school_km,dist_to_hospital_km,dist_to_transit_km
1A Block Koramangala,12.9408685,77.617338,,,
1st Block BEL Layout,13.0703462,77.5555305,,,
1st Block HBR Layout,13.0379805,77.6388488,,,
1st Block HRBR Layout,13.0100548,77.6431061,,,
1st Block Jayanagar,12.9182966,77.5741528,,,
1st Block Koramangala,12.9248167,77.6342492,,,
1st Phase JP Nagar,12.9114349,77.5992958,,,
1st Stage Domlur,12.9679718,77.6367953,,,
1st Stage Indira Nagar,12.9776551,77.6364842,,,
2nd Block Bel Layout,13.0729675,77.554357,,,
2nd Block Hrbr Layout,13.0203163,77.6325425,,,
2nd Block Jayanagar,12.9381478,77.5828269,,,
2nd Block Koramangala,12.9256161,77.6368877,,,
2nd Phase JP Nagar,12.9107357,77.5829631,,,
2nd Phase Judicial Layout,12.8653002,77.5372382,,,
2nd Stage Arekere Mico Layout,12.8905542,77.5941914,,,
2nd Stage Nagarbhavi,12.9512353,77.519054,,,
"2nd phase jp nagar, jp nagar",12.9104062,77.5951099,,,
3rd Block Banashankari,12.9278196,77.556621,,,
3rd Block HBR Layout,13.0314059,77.6355596,,,
3rd Block Hrbr Layout,13.0255533,77.6313982,,,
3rd Block Jayanagar,12.933863,77.5830336,,,
3rd Block Koramangala,12.9357366,77.624081,,,
3rd Phase JP Nagar,12.9114349,77.5992958,,,
4th Block HBR Layout,13.0340406,77.6309958,,,
4th Block Jayanagar,12.9262342,77.5834146,,,
4th Block Koramangala,12.9299843,77.6305001,,,
4th Phase JP Nagar,12.9046372,77.5976425,,,
4th T block Jayanagar,12.9302534,77.5903874,,,
5th Block Hbr Layout,13.0374664,77.628799,,,
5th Block Jayanagar,12.9200207,77.5811039,,,
5th Phase JP Nagar,12.9010682,77.5859397,,,
5th Stage BEML Layout,13.1501641,77.6688989,,,
5th block Koramangala,12.935464,77.616304,,,
6th Block Jayanagar,12.9292731,77.5824229,,,
6th Phase JP Nagar,12.9071324,77.5734008,,,
6th block Koramangala,12.9377559,77.6239822,,,
7th Block Jayanagar,12.92375,77.5742597,,,
7th Phase JP Nagar,12.9119693,77.5882043,,,
8th Block Jayanagar,12.9381478,77.5828269,,,
8th Phase JP Nagar,12.9104062,77.5951099,,,
8th block Koramangala,12.9287596,77.6287122,,,
9th Block Jayanagar,12.9341998,77.5841516,,,
9th Phase JP Nagar,12.9110032,77.5788747,,,
A Narayanapura,12.9959732,77.678136,,,
AECS LAYOUT A-BLOCK Singasandra,12.8814296,77.6525387,,,
AECS Layout,12.964118,77.7130369,,,
AGS Layout,12.9127651,77.5340498,,,
AMS Layout,13.0877316,77.5585759,,,
Abbaiah Reddy Layout,12.9792262,77.680936,,,
Abbigere,13.0784176,77.5245316,,,
Abshot Layout,12.9930728,77.5866428,,,
Adarsh Nagar,13.0305452,77.609433,,,
Adugodi,12.9440234,77.6088867,,,
Agara Village,12.8446015,77.4879398,,,
Agrahara Dasarahalli,12.9830171,77.5399064,,,
Air View Colony,12.9547408,77.6612636,,,
Akash Nagar,12.9591286,77.6974983,,,
Akshaya Nagar,13.0195427,77.6831272,,,
Akshya Nagar,13.0694057,77.5451149,,,
Alfa Garden Layout,12.9684751,77.5981066,,,
Allalasandra,13.0865924,77.5876245,,,
Alur,12.9604876,77.5700998,,,
Ambalipura,12.9173303,77.667161,,,
Ambedkar Colony,12.9708934,77.6951918,,,
Ambedkar Nagar,12.9798531,77.7541055,,,
Amrita Nagar,13.0260629,77.5750133,,,
Amruthahalli,13.0648426,77.5993429,,,
Amruthnagar,13.0569904,77.5981092,,,
Anand Nagar,13.0346991,77.5944561,,,
Anand nagar,13.0346991,77.5944561,,,
Anandapura,13.0239276,77.6923621,,,
Anantapura,13.1150894,77.5679972,,,
Anantapuram,13.1147832,77.5789964,,,
Andrahalli,13.0196883,77.4889451,,,
Anekal,12.7836552,77.7461411,,,
Anekal - Hosur Road,12.6988961,77.7375717,,,
Anjana Nagar,13.0257924,77.6037965,,,
Anjanapura,12.8601312,77.5540587,,,
Annaiah Reddy Layout,12.9797385,77.624122,,,
Annapurneshwari Nagar,12.9770585,77.6318947,,,
Ardendale,13.0261749,77.766388,,,
Arehalli,12.9084491,77.537781,,,
Arekempanahalli,12.9446007,77.594691,,,
Arekere,12.8872086,77.5960493,,,
Arishinakunte,13.0784775,77.4225682,,,
Ashirvad Colony,12.9398513,77.5740326,,,
Ashok Nagar,12.9694359,77.6092319,,,
Ashraya Layout,12.9858241,77.7054539,,,
Ashwath Nagar,12.9619639,77.6988922,,,
Ashwathnagar,13.026056,77.5789157,,,
Ashwini layout,12.9396583,77.6288969,,,
Attibele,12.7751249,77.7709216,,,
Attiguppe,12.9618745,77.5335505,,,
Attur Layout,13.0994536,77.5680336,,,
Austin Town,12.9612736,77.6152935,,,
Avalahalli,12.9459464,77.5409354,,,
Ayappa Nagar,12.9709083,77.6700294,,,
B Channasandra,13.0099152,77.6602721,,,
B K Nagar,12.967755,77.5744105,,,
B Narayanapura,12.9980556,77.6848622,,,
BCC Layout,12.955703,77.5313329,,,
BCMC Layout,12.8766824,77.550238,,,
BEL Layout,13.0729675,77.554357,,,
BEL Road,13.0484221,77.5545881,,,
BEML Layout,12.9611099,77.7164738,,,
BEML Layout 5th Stage,12.9083587,77.5209058,,,
BEML Layout 5th stage,12.9083587,77.5209058,,,
BHEL Layout,12.9184375,77.5092496,,,
BTM 1st Stage,12.9194108,77.609966,,,
BTM 2nd Stage,12.9140788,77.6188862,,,
BTM Layout,12.9140008,77.6102821,,,
BTM Layout 2nd Stage 1st Phase,12.9140082,77.607945,,,
Baba Nagar,12.9695437,77.6300299,,,
Babusapalaya,13.0283523,77.650469,,,
Badrappa Layout,13.0514401,77.576034,,,
Bagalur,13.0079918,77.6184726,,,
Bagalur Main Road,13.1302377,77.6664452,,,
Bahubali Nagar,13.0450669,77.5492146,,,
Balagere,12.9377243,77.7280705,,,
Balaji Gardens Layout,13.0330795,77.6379544,,,
Banagiri Nagar,12.9228552,77.5586323,,,
"Banasawadi,",13.0144163,77.6509289,,,
Banashankari,12.9278196,77.556621,,,
Banashankari 2 nd Stage,12.8835602,77.5140959,,,
Banashankari 6th Stage,12.8849238,77.5154846,,,
"Banashankari 6th Stage ,Subramanyapura",12.8933259,77.5219378,,,
"Banashankari 6th stage , 2nd block",12.8849238,77.5154846,,,
Banashankari Stage I,12.8849238,77.5154846,,,
Banashankari Stage II,12.8849238,77.5154846,,,
Banashankari Stage V,12.8849238,77.5154846,,,
Banashankari Stage VI,12.8849238,77.5154846,,,
Banashankari stage 2,12.9278968,77.5622171,,,
Banaswadi,13.0141618,77.6518539,,,
"Banaswadi,",13.0141618,77.6518539,,,
Bande Nallasandra,12.791765,77.6515627,,,
Bandepalya,12.8804001,77.6491258,,,
Banjara Layout,13.0383011,77.6652515,,,
Bank Avenue,13.0225678,77.6527986,,,
Bank Of Baroda Colony,12.893481,77.5837404,,,
Bannerghatta,12.9517452,77.6039506,,,
Bannerghatta Road,12.9426506,77.6027253,,,
Bapuji Nagar,12.9556699,77.5402492,,,
Basapura,12.8686664,77.6441741,,,
Basava Nagar,12.9854757,77.5887667,,,
Basavanagara,12.900973,77.4671249,,,
Basavanapura,13.0093485,77.7108379,,,
Basavangudi,12.9421868,77.5742576,,,
Basavanna Nagar,12.9887336,77.7204129,,,
Basaveshwara Nagar,12.9932739,77.5388099,,,
Battarahalli,13.015119,77.7094485,2.539528259727921,0.5130363948039008,0.1194633788993419
Begur,12.8633887,77.6130112,0.5668539393216505,1.0187460727697344,0.5900174913274432
Begur Road,12.8742536,77.6260073,0.0564740136609505,0.4261364523608231,0.0426900671248846
Belathur,12.9989822,77.7408733,0.3681875013716038,1.5160290228254107,0.4520371519914777
Belatur,12.9975859,77.7559053,,,
Bellandur,12.9320495,77.6842915,,,
"Bellandur,",12.9320495,77.6842915,0.6470596897057579,0.1078135040763627,0.3093518937483647
"Beml layout, Rajarajeshwari nagar",12.9196528,77.5202202,0.1861088776333143,0.1236775579845322,0.0636027145476274
Bendiganahalli,13.0683794,77.7582582,,,
Benson Town,12.997343,77.6036815,0.6459429891583218,0.3222163028721158,0.3116091335718602
Bethel Nagar,13.0054071,77.7172101,1.333537186113794,0.1062643719888773,0.7967087544655798
Bettadasanapura,12.8416246,77.6318501,,,
Bharat Nagar,13.0222347,77.5671832,,,
Bharathi Nagar,12.9898432,77.6103341,,,
Bharathnagar,12.9801263,77.4784076,,,
Bhattarahalli,13.0255971,77.7145545,,,
Bhuvaneshwari Nagar,12.9715261,77.5595225,,,
Bhuvaneswari Nagar,13.0547459,77.6024403,,,
Bidadi,12.8861649,77.5822896,,,
Bilal Nagar,12.9208594,77.5996086,,,
Bileshivale,13.0543306,77.6710224,,,
Billamaranahalli,13.1503834,77.6374474,,,
Billapura,12.8410686,77.7887246,,,
Binnamangala,12.9839881,77.6416769,,,
Bommanahalli,12.9034581,77.6230028,,,
Bommasandra,12.8160161,77.6892217,2.992311219891365,1.0929517272984866,0.3785562442633366
Bommasandra Industrial Area,12.8137512,77.6953367,2.4011759281746454,0.7203121209554268,0.8298539530993914
Bommenahalli,13.0742536,77.7465943,,,0.04829465319262858
Brigade Road,12.967408,77.6065277,0.07195811939805624,0.2350720779959816,0.17142338814206687
Brindavan Layout,12.9683656,77.7606342,0.6819170650582733,1.0828733658332417,0.3138487117680877
Brindavan Nagar,12.9741269,77.6086454,0.5579202537809185,0.3795811096802024,0.14974682386629368
Brookefield,12.9652094,77.717936,0.3008872575702131,0.03739926878833225,0.031078641503823716
Budigere,13.1424106,77.7340989,,1.274730303566862,0.5223279199956383
Bull Temple Road,12.954905,77.5674402,0.39483938293830123,0.021802504342755807,0.1745971414578207
Byadarahalli,12.9779094,77.484086,0.23694758376289565,0.8205450862288203,0.40047829663860074
Byappanahalli,12.9899416,77.6534298,1.2274599887463025,0.6013998810257436,0.02281517919106082
Byatarayanapura,13.068322,77.591006,0.6390503863790468,0.5229787545111656,0.2904150118814682
Byrasandra,12.9295931,77.581181,0.44975992700038997,0.09703065137840478,0.09203860710523781
CMH Road,12.9782612,77.6354958,0.1600711442550768,0.03911880376461356,0.08464975806208744
CQAL Layout,13.0636348,77.5832498,0.7189571897529191,0.5120095682100437,0.07242507258546474
CR Layout,12.874911,77.6107073,0.7466630467587314,0.6774773968578971,0.27712420897673634
CV Raman Nagar,12.9855509,77.668072,0.5135454893207373,0.27244649864545006,0.4525172465285159
Cambridge  road,12.9709964,77.6278632,0.11141561160661842,0.08698102099094975,0.5185905655545889
Cambridge Layout,13.0076481,77.7258907,1.6055709066241883,1.0518070935454067,0.45180773613864855
Canara Bank Colony,12.9311905,77.5908939,0.20184427609682268,0.22860915843370277,0.2501329260949014
Canara Bank Layout,13.068572,77.5783554,1.4030291364721061,0.282615692660948,0.6704528486077594
Carmelaram,12.9111998,77.7065133,0.8970592729107723,0.0897244886914631,0.25942254831494643
Celebrity Paradise Layout,12.8481732,77.6531976,0.2834333164570384,0.3428747453422625,0.5446757822290902
Challaghatta,12.9451006,77.651534,1.9013960518729713,1.1061002147711898,0.34900622775381823
Chambenahalli,12.8886379,77.7662379,,1.1275818655972858,1.1384566452727094
Chamrajpet,12.9584184,77.5629161,0.2021873801310553,0.044182281394017905,0.189805510215629
Chamundi Nagar,13.0341222,77.5993048,0.33333893145980714,0.4266749316887104,0.00869127876810866
Chandapura,12.8009043,77.7114908,2.2049248881111088,0.129175824605253,0.25171878856699287
Chandra Layout,12.955333,77.5238903,0.7238562311077406,0.3231000193871265,0.18060977594413463
Channasandra,12.9872969,77.7538838,0.9235320000709579,0.48368894159303166,0.09233440823520721
Channasandra Layout,12.9847239,77.751479,0.5767715358810441,0.15813729133830606,0.04669972689649249
Chickpet,12.9563732,77.7454891,0.7294015250545118,0.32769582252371304,0.02899216376209559
Chikka Banaswadi,13.0057413,77.6508239,0.27818412478288496,0.5386990498980748,0.32078649558435773
Chikkaballapur,13.0993764,77.388729,0.20618013909754257,0.27869654328786414,0.2479211139129111
Chikkabettahalli,13.0894554,77.556171,1.4634624125780082,0.4172179090115826,
Chikkabidarakallu,13.0523616,77.4879154,2.138947769989996,1.7980967428762735,0.02004182665314377
Chikkadunnasandra,12.8501962,77.7742942,0.8961240453293158,1.9348256878293713,1.3324426471134259
Chikkagubbi,13.0822582,77.6616026,2.640390401043137,2.8387281253874304,0.5481236430771734
Chikkajala,13.1679234,77.6372834,,1.0123183077499143,0.39205047545928107
Chikkakannalli,12.893703,77.7081315,1.6966612682961897,1.8573360086186486,0.7784680658219263
Chikkalasandra,12.9121916,77.5476337,0.4139509772357904,0.2664041276046013,0.2722963169900159
Chikkanahalli,12.9058433,77.6202731,0.1536657269875274,0.42811353818164605,0.8391122270851327
Chikkasandra,13.0963679,77.7047925,,,1.1867243672248435
Chikkathoguru,12.8638459,77.653398,0.30278557861683536,0.6370770278721285,0.4737820476449016
Chikku Lakshmaiah Layout,12.9350706,77.6116041,0.5159776236106293,0.3170018391450538,0.02699866279019812
Chinnapanahalli,12.9661219,77.7071156,0.5256639772243925,0.49680930542908697,0.6358671332305671
Chokkanahalli,13.0850788,77.6263539,1.8047573486416404,0.9336036319256643,0.0860536578966036
Chokkasandra,13.0405342,77.5112239,1.7338057013569392,0.3355798387812403,0.3128755577447628
Cholanayakanahalli,13.0364498,77.5975272,0.4207851795189184,0.6466700111719517,0.038637591966918704
Choodasandra,12.8883623,77.6799727,1.5600270829015552,0.7378715149880812,0.7606480703530835
Chowdeshwari Layout,13.0613342,77.6420881,0.5253839127833032,0.20849250058452523,0.1256080450301282
Church Street,12.9746938,77.6525547,0.137259621420324,0.09740275532318257,0.3012745467086757
Classic Paradise Layout,12.8718404,77.6442373,0.5677536474609888,0.22047280210571932,0.6802489074164018
Cleveland Town,12.9940417,77.6116055,0.19117731420364292,0.178618429806517,0.193034351900823
Coconut Garden,12.9610387,77.5190523,0.3353714550906516,0.26087300166533434,0.12723212689752092
Coffee Board Layout,13.0503251,77.6060803,0.2732342094256822,0.32404292126884665,0.23864923205209884
Cooke Town,13.0021998,77.6251814,0.5773875959324263,0.23086525439265188,0.5154163752922875
Cottonpet,12.9680234,77.567984,0.19263245718236705,0.14756996284844737,0.6859947593427259
Cox Town,12.9934858,77.6251081,0.60319011118862,0.47223876926906055,0.16176564450506667
Craig Park Layout,12.9713834,77.6158386,0.580391351177486,0.361590849443675,0.1837682022319356
Crimson Layout,12.9799554,77.7109706,0.7481587989110038,0.2038260743266483,0.20144908583829876
Cubbon Road,12.9761948,77.6115591,0.8379026880688153,0.53254731517471,0.14674503629495342
Cunningham Road,12.9857312,77.5960537,0.6520540592966467,0.28988297416094105,0.18226853937581783
D Group Employees Layout,12.9777008,77.4987763,1.6950767187742286,1.1208347471676157,0.06103297939451008
D Souza Layout,12.9696296,77.5968003,0.20521702152704133,0.40853976271931774,0.2738487279071857
DUO Layout,12.869333,77.6403046,0.24929594561497642,0.5609490799582705,1.1283076052519672
Dairy Circle,12.9371279,77.6017492,0.23327958239000535,0.48372335431057417,0.045469192387181764
Dasanapura,12.7467724,77.7742876,2.8042632384941397,1.5804499098115483,2.7686573650580377
Dasappa Layout,13.0828573,77.6491865,1.996690292872502,1.5524115838361519,0.46196451602914523
Dasarahalli,13.0432607,77.5125535,1.7313182787652242,0.15439513593178594,0.06007366667731634
Deepanjali Nagar,12.9520466,77.5370399,0.7231018680111357,0.1274252792844952,0.003249830031800311
Defence Colony,12.976171,77.6435315,0.20765643628266772,0.10668154206778818,0.34384527475752386
Defence Layout,13.0598706,77.5851779,0.5923994864847407,0.2151196354422667,0.30754635709196537
Dena Bank Colony,12.9600676,77.6447244,0.4562110388133753,0.4454149492725789,0.13473945132268422
Devanahalli,13.142344,77.7339688,,1.284534894489931,0.5108250171089255
Devanahalli Road,13.1424106,77.7340989,,1.274730303566862,0.5223279199956383
Devarabisanahalli,12.9234847,77.6869662,0.4911593724014503,0.9993799148100817,0.8063548121699141
Devarachikkanahalli,12.8931539,77.6219724,0.23613605574778754,0.24188159704806456,0.4494674896338274
Devasandra Extension,13.0219498,77.5722288,0.9684313152933252,0.748848058595715,2.1365868842544558
Devi Nagar,13.0161096,77.5288243,1.2308574625058986,0.8847201837505813,0.11323620954488105
Dhanalakshmi Layout,12.9724999,77.651454,0.18382977422077978,0.07426929892697058,0.06826837244014933
Dinnur,13.0268586,77.5985884,0.08357816579528207,0.0792588398504726,0.31715144653045074
Doctors Layout,13.0053365,77.6581854,0.12129833346670942,0.15393721856649484,0.15959994688271126
Dodda Banaswadi,13.0129976,77.6493207,0.5340044032108727,0.12067528347557388,1.4673105693593382
Dodda Kempaiah Layout,13.0362652,77.6710325,0.6036721416501054,0.46594735101440526,0.3905023525494348
Dodda Nekkundi,12.9725581,77.692858,0.763600033601192,0.22048965846416632,0.1872595431663464
Doddaballapur,13.1112249,77.5798813,0.7255740290704908,0.9153657932218427,0.07298744158896713
Doddabanahalli,13.0156059,77.744183,1.5912658935319925,1.638062760740936,0.6618202734158326
Doddabele,12.8884898,77.4716806,1.2524866819434168,1.3550440126317185,1.4811444740684279
Doddabommasandra,13.0544347,77.559327,0.6132291727996358,1.4646199879092698,0.23481791691514356
Doddagubbi,13.0720681,77.6683289,2.703518825779099,2.555830254248299,0.6242436730288617
Doddakallasandra,12.8857355,77.5557448,0.90864791806872,0.6485990063096463,0.34598933783499003
Doddakammanahalli,12.8509089,77.5986785,0.811273112223564,1.1962772318160855,0.7228862883526304
Doddakannelli,12.9115184,77.6934108,0.5310204807011356,0.561380766169352,0.49150849116104645
Doddanekundi,12.9713194,77.6964768,0.35146342328955144,0.24483019520590737,0.24157488653303286
Doddathoguru,12.8505644,77.6466948,0.674474501860267,0.4616742612433213,0.8315226258095125
Dodsworth Layout,12.9707633,77.7440476,0.45263273379481644,0.6389441905595293,0.6414038455154861
Dollar Scheme Colony,12.9181537,77.6195361,0.29353100561489226,0.23936554739510807,0.20746555521142612
Dollars Colony,13.0413668,77.5678155,1.407205066869858,0.558230562236529,0.1899208359576927
Dollars Layout,12.9040098,77.5955558,0.5385101283645138,0.2771389916473641,0.23680061772052402
Dominic Layout,12.9150485,77.5508659,0.6187068460360995,0.4142017911877625,0.1270528315034068
Domlur,12.9624669,77.6381958,0.4041152176117952,0.26205866000506806,0.10865925702550021
Domlur Layout,12.9644251,77.6349677,0.5635282138848542,0.24325341587213647,0.3715866099605019
Dommasandra,12.8777098,77.7534769,,0.19347704829844248,0.19219573409203233
Doopanahalli,12.9674584,77.6396382,0.04790341177995514,0.2116589025373215,0.2084030133228225
Dooravani Nagar,12.9947771,77.676929,1.097700361699321,0.37854603132453096,0.5661372802290995
Duvasapalya,12.9230351,77.4959631,0.3928375289417149,0.5434111200613753,0.03777080098164572
Dwaraka Nagar,13.1208483,77.6186871,,0.11768789166322577,0.07609536873157871
Dwarka Nagar,13.0880852,77.4949031,1.6954607676256916,0.3206413385359538,0.6588141880651172
"ECC Road, Whitefield,",12.9811905,77.7433061,0.5458126398450429,0.967438655689951,0.5994315475265743
EPIP Zone,12.9781922,77.7246451,0.044532896727257486,0.25616664603420686,0.1543015947869913
Ejipura,12.945245,77.6274776,0.15280112895352982,0.5929921369418859,0.20847213315190555
Electronic City,12.8487599,77.648253,0.5497991746984375,0.49164670100072777,0.7279636356232001
"Electronic City Phase 1,",12.8496783,77.6649749,0.45954831296258886,0.27488433394488027,0.36837900166568976
Electronic City Phase II,12.8473999,77.6724452,0.4003537691158839,0.6695947877797833,0.07134709950462234
"Electronic city Phase 1,",12.8496783,77.6649749,0.45954831296258886,0.27488433394488027,0.36837900166568976
"Electronic city phase 1,",12.8496783,77.6649749,0.45954831296258886,0.27488433394488027,0.36837900166568976
Electronics City Phase 1,12.8401734,77.6595099,1.2771586723358812,0.29498218910859725,0.09764559736311537
Escorts Colony,13.1023262,77.5859726,0.3103146549169259,0.29602972491441704,0.7071473414816376
Ferrar Nagar,13.1164358,77.5642942,1.2716730723605147,1.2309168516510016,0.4355637446119848
Frazer Town,12.9975851,77.6136744,0.2440334342978169,0.10927811193168388,0.19729072978402276
Friends Colony,12.926326,77.6171749,0.2558143369746047,0.04982487316943682,0.032846943876050604
GB Palya,13.0226152,77.7057327,2.784675521057892,0.42967547985082527,0.07647402226403242
GKW Layout,13.0082322,77.5130081,1.0894703846071223,0.5251973744810181,0.4865401337464747
GM Palaya,12.974779,77.6654084,0.7406277178645391,0.08167535774105249,0.12855035585532493
Gandhi Bazar,12.9457868,77.5706743,0.29457850215518483,0.03843551515266072,0.004886418848506265
Gandhi Nagar,12.9771534,77.5800313,1.133804816099534,0.6867707708644267,0.3518723289968088
Ganesha Block,13.0253417,77.6019556,0.2978732989891145,0.17422607756345118,0.16818793417266498
Ganga Nagar,13.0232471,77.5883569,0.888328840491725,0.22250988754261483,0.2863167340778583
Garden Layout,12.9559043,77.7148447,0.6680479531531998,0.22825099472222393,0.14934557816675564
Garudachar Palya,12.9899098,77.7011259,1.7390696687685039,0.3322321050967139,0.44192027233077036
Gattahalli,12.8685628,77.7026913,2.5061358666131373,,0.8272711796475193
Gattigere,12.9202077,77.5255006,0.4625934746877619,0.5251224864676316,0.2692870887622838
Gayathri Nagar,13.0007574,77.5605988,0.6709707679439141,0.1525923399468557,0.014831217197289583
Geddalahalli,13.0367681,77.5675668,1.2513367546760257,0.1988691706799562,0.12960365983844227
Geetanjali Layout,12.9767102,77.6547468,0.21054154577933765,0.41571397395137405,1.4500500894222448
Geleyara Balaga Layout,13.0712823,77.5061497,1.3196191264965649,0.6169430439591516,0.020089470352115623
Gkvk Layout,13.0827075,77.6034629,2.6484314965513396,1.1309081492275763,0.4184102426639576
Glass Factory Layout,12.8762737,77.5668962,0.3723100887375169,0.8707429624456907,1.4666325021061086
Gnana Bharathi,12.9551213,77.5174955,0.3491650743275371,0.07121572609627673,0.2504706932869298
Gokula Extension,13.0058913,77.5791562,0.13699223937234403,0.157053355907313,0.06667088911505235
Gollahalli,12.821532,77.5852714,1.5174613700309876,0.9876849455100779,0.27537041770762016
Gopal Reddy Layout,12.9690025,77.6934988,0.7013878974814703,0.013454328917549782,0.14065464594725832
Gopalapura,12.9806131,77.5581149,0.17624801316016753,0.2662074903966074,0.5972415611463467
Goraguntepalya,13.0269315,77.54409,1.3265122618996006,0.47972617474403756,0.026816678191067863
Gottigere,12.8565317,77.5877237,0.20865201601976496,0.23137565644237998,0.12722645088384826
Govindapura,13.0314519,77.617598,0.362209999404624,0.41455314115102265,0.3429864102947944
Govindaraja Nagar Ward,12.9755632,77.5367385,0.4601225816958452,0.06252118571209554,0.48588372369210253
Gowdanapalya,12.9082156,77.5577974,0.3741948111251568,0.4213737068450008,0.2735021639688012
Green Domain Layout,12.9728468,77.7148942,0.6587429006230421,0.6612301029888498,0.3574640528802505
Green Garden Layout,12.8727237,77.6451233,0.6433027210657665,0.10915793865073221,0.5515524902558565
Green Glen Layout,12.9269039,77.6701877,0.7614436734548857,0.03251493233219655,0.41845656471500847
Green View Layout,13.0052377,77.6492182,0.1056793183169299,0.5798244880367653,0.18044358767025542
Green Woods Layout,13.0584954,77.6263659,0.7550189597067388,0.72681928578763,0.11053916189520652
Gubbalala,12.8856635,77.5416809,0.339025457075945,0.6321005737064433,0.01293282220058905
"Gubbi Cross, Hennur Main Road",13.0843481,77.6541567,2.3481819311561534,2.0921823158510318,
Guddadahalli,12.9578934,77.5464445,0.358773626994476,0.19406672681487525,0.1960561436199341
Gulakamale,12.8037601,77.5284309,,1.89987744987398,0.6592869318784739
Gulimangala,12.8492767,77.7001531,1.3387301758388974,1.6706637280658971,0.6092649464473953
Guni Agrahara,13.0980951,77.525062,,1.6687914201563478,0.037807588339558225
Gunjur,12.9209772,77.7361016,2.539901700176744,0.1502491067810663,0.043267834308252366
Gunjur Palya,12.9228378,77.7188315,2.6036333527841244,1.469963722247293,1.0265825048279358
HAL 2nd Stage,12.9689409,77.6437106,0.501957234730257,0.14497776487173195,0.2745560250607598
HAL 3rd Stage,12.9715338,77.6497819,0.29905029683768003,0.12175128784132616,0.1616461894023215
HAL Layout,12.9599648,77.6503055,0.3563824854906349,0.2959670644017932,0.03615068507024981
HBR Layout,13.031992,77.6280789,0.7555657686489766,0.27171837573043395,0.30474023801632494
HMT Layout,13.0276524,77.5921251,0.7454977598018973,0.19028434387507445,0.2211784653047096
HOSUR MAIN ROAD,12.9419903,77.5973807,0.2565526226316076,0.20265086483961361,0.10577485201535007
HRBR Layout,13.0141515,77.6340564,0.8989051941717641,0.08746598223595418,0.2027553389563591
HSR Layout,12.9116225,77.6388622,0.3759611716599876,0.30752783706743225,0.1294634386203708
"HSR Layout 7th sector,",12.9193616,77.6511843,0.09776906684229326,0.1264286808642424,0.06329199054188582
Hadosiddapura,12.8964727,77.7014674,1.6269415074126796,1.1572598143217263,0.8169542926518393
Hagadur,12.9649204,77.7558746,0.36430125190492063,0.7117613875110312,0.05961264196230811
Hal old airport road,12.9605468,77.6418995,0.2225608661016408,0.1925162206913442,0.03661451886042012
Halanayakanahalli,12.8966653,77.6855489,2.0862299870355527,1.1418329409810235,0.3100591272727716
Handenahalli,12.8259815,77.7673455,2.390949713029268,,2.035815432584753
Hanumagiri,12.9180648,77.5363702,0.830039364368823,0.45198318076393385,0.6252554189396838
Hanuman Nagar,12.9700949,77.6561147,0.41724336230250597,0.281582293361772,0.26170104159787727
Hanumanth Nagar,12.9473478,77.5634776,0.37248366468611194,0.18063069625987388,0.0892939967412397
Hanumantha Nagar,12.940641,77.5635429,0.4559016207664249,0.09939516787820496,0.13971300522970653
Haralur Road,12.9018012,77.6641767,1.3909299035710845,0.8326963261355745,1.3074632901104353
"Haralur Road,",12.9018012,77.6641767,1.3909299035710845,0.8326963261355745,1.3074632901104353
Harappanahalli,12.7764978,77.6326204,,0.4225690249010627,1.1974502221048098
Harlur,12.9058923,77.675465,2.1541483626810844,0.15020207679488604,0.12328121493008301
Harohalli,13.1305028,77.5804603,2.858525029691643,2.851337410703878,0.03421644413344529
Harsha Layout,12.9629824,77.3896189,,,0.3640676703763642
Hebbal,13.0382184,77.5919,0.7863823345646925,0.12368769125108145,0.3075766141575576
Hebbal Kempapura,13.050194,77.6075951,0.41436750438095626,0.42095034222520916,0.2082493790267141
Hegde Nagar,13.0720352,77.6333905,1.382944725422289,0.21774056171299722,0.03558517451031197
Hegganahalli,13.0034737,77.5107376,0.7049846946045976,0.6671817796730509,0.12772416850994311
Hennagara,12.7906876,77.6741161,,2.8798222282970323,2.992521913132861
Hennur,13.037077,77.6413572,0.31707083939674924,0.044926820860815814,0.055319774523534954
Hennur Bande,13.0367255,77.6405042,0.2655773488150593,0.06965084535947448,
Hennur Gardens,13.0376905,77.6432902,0.4958858992258092,0.2595101349615316,0.17083773498617236
Hennur Road,13.0351224,77.631944,0.27655319534366113,0.2961596190679827,0.3357653297815484
Herohalli,12.9912345,77.4870119,0.9421742315384448,0.9492104024478928,0.0975577404593457
Hessarghatta,13.0484259,77.5076232,2.493187332613776,0.31583686820511714,0.2865058747874628
High grounds,12.9865133,77.5830766,0.2906318770133044,0.2687852123848529,0.31906296870564854
Himagiri Meadows,12.8963003,77.5894113,0.09197195206622073,0.5396536648685539,0.3989533862685349
Hiremath Layout,12.9754354,77.5358965,0.36887696487050503,0.0,0.0923355824027472
Hommadevanahalli,12.8443528,77.5981019,0.23830453360502948,1.549530440144241,
Hongasandra,12.8986261,77.6286732,0.20931498717881047,0.249136716374111,0.23146944846672404
Hoodi,12.9959233,77.7192796,0.3892118110996679,1.0030747810000276,0.03405301153093679
"Hoodi Circle,",12.9919623,77.7154228,0.21805369464922827,1.279008330688752,0.02771999274624997
Hoodi Layout,12.9937325,77.7171734,0.055981807083146574,1.1504799066133944,0.18132932114576478
Horamavu Agara,13.0367725,77.6549479,1.3326673210533735,0.6812113408996388,2.8986046010866473
Horamavu Banaswadi,13.0190926,77.6556774,0.5829472441147118,0.16950236910824545,0.03648279303578003
Hosa Road,12.8704543,77.6539943,0.06321041578276736,0.10822268654316607,0.03502997282162498
Hosahalli,12.9660431,77.5414979,0.06125478352616327,0.12532497383867877,0.20172711157201198
Hosakerehalli,12.9299371,77.5374237,0.33300332204892247,0.4420964862333945,0.19244028692107865
Hosakerehalli Layout,12.934592,77.5423407,0.2957397346376766,0.1403131963679384,0.11394203815379018
Hosapalya,12.8974222,77.6496873,0.21910154551439945,0.832949708544551,0.2244287295394808
Hoskote,13.0318443,77.7618779,,0.23390320516348273,0.3389246320592702
Hosur Road,12.910142,77.6270827,0.2329830559012165,0.05907827261112961,0.0840658906413644
Hulimavu,12.8773486,77.6028031,0.026806895487865894,0.7976716289728175,0.035982605928174705
Hullahalli,12.8244922,77.6175213,1.4789877177909811,,1.5412292636468827
Hunasamaranahalli,13.1398615,77.6230512,,1.9522428402733447,0.6319180820303661
Huskur,12.8607674,77.7071019,2.3592963355294545,,0.21738399739352793
ISRO Layout,12.8974283,77.5573828,0.40883630457153947,0.7429662978498007,0.18666501830452834
ITI Layout,12.9665733,77.5016708,1.9891076518704296,0.1537021920332199,0.15321768410359407
ITPL,12.9846295,77.7377329,0.5999043308485217,0.7202888346990263,0.31126634408735127
Iggalur,12.781144,77.7014486,,1.6010555577611985,0.8060033729425429
Ilyas Nagar,12.9070386,77.569309,0.30970952655097367,0.1710488831688957,0.4032136487718641
Immadihalli,12.9663991,77.762046,0.84788775671992,1.278868961553934,0.10613829339205491
Indira Nagar,12.9732913,77.6404672,0.13134179613247396,0.23644111822758154,0.06630243077659204
Indira Nagar 3rd Stage,12.9768429,77.6465919,0.03832887063811984,0.1076614536845885,0.08609454319958003
Indira Nagar Stage 2,12.9732913,77.6404672,0.13134179613247396,0.23644111822758154,0.06630243077659204
Indiranagar HAL 2nd Stage,12.9702598,77.6451261,0.37400220210710877,0.16894114957670622,0.4072952754835319
Infantry Road,12.9800074,77.6050137,1.0062691512978845,0.0651765560987084,0.33709963292958994
Ittamadu,12.9233593,77.5418698,1.0206396586495792,0.23086593618865012,0.15986536741775154
J C Nagar,15.3508066,75.1420273,0.8054643006441052,0.02375691639764653,0.06945749360956736
JCR Layout,12.933134,77.7043284,1.5720181798855726,0.3792838075270575,0.38141675888728616
JP Nagar,12.9096941,77.5866067,0.5538147890196375,0.2826771451243934,0.08859961946161612
"JP Nagar 7th Phase,",12.9118423,77.5870665,0.6329801752082591,0.3390903648578834,0.17055894255800053
"JP Nagar 8th Phase,",12.9104062,77.5951099,0.12530777263758042,0.2898938211135809,0.0482057395761017
"JP nagar 9th Phase,",12.8681419,77.5628221,0.6961051056214675,1.8152983512346004,0.3123282660978551
Jagadish Nagar,12.9650798,77.6646521,1.4649609405994566,0.24730471234409324,0.36549633064923376
Jai Bheema Nagar,12.9194294,77.6169759,0.10931593596898422,0.33092506659212795,0.008677469894592265
Jakkasandra,12.9206827,77.6357104,0.14027090863208552,0.3115912553041032,0.4861937254477255
Jakkasandra Extension,12.927699,77.6409796,0.43712111861814645,0.4378293258229399,0.4665531745816352
Jakkur,13.0784743,77.6068938,2.422881161415774,0.8241615020057301,0.12168250847902139
Jakkur Plantation,13.0834599,77.5980019,2.2003469820835,1.291404208089555,0.5778876391461609
Jakkuru Layout,13.0763895,77.6057269,2.1604536679678006,0.5649504594747153,0.10279767392533393
Jalahalli,13.0394104,77.5197351,0.8441548182890415,0.5728013843657863,0.12246458992220914
Jalahalli East,13.0578317,77.5462216,0.924116936181678,1.4531790971832605,2.4262337810871397
Jalahalli West,13.045979,77.5222447,1.2618800609677154,0.8208589125456504,0.750648859658692
Janatha Colony,12.8694807,77.6960796,2.075032433969866,,1.3296558086220664
Jayamahal,12.9959881,77.6014036,0.4937482985651049,0.18607119261878216,0.03664339438423942
Jayamahal Extension,13.0011064,77.5969579,1.2060995165974309,0.5345095336548265,0.26600247831163626
Jayanagar,12.9292731,77.5824229,0.3865898623691632,0.048537846770979484,0.1753115270525628
"Jayanagar,",12.9292731,77.5824229,0.3865898623691632,0.048537846770979484,0.1753115270525628
Jayanti Nagar,13.058277,77.6422554,0.8377474288380705,0.27405552063642696,0.10709926742494186
Jigani,12.7764978,77.6326204,,0.4225690249010627,1.1974502221048098
Jogupalya,12.9746882,77.628026,0.10464193352385054,0.2411757828439557,0.2482610283032114
Jp nagar 8th Phase .,12.9104062,77.5951099,0.12530777263758042,0.2898938211135809,0.0482057395761017
Judicial Layout,13.0837692,77.5860438,1.7538702152909709,1.2417116342011365,0.5732750494067582
"Judicial Layout, Kanakapura Road,",12.8616691,77.5301618,1.3644942933917599,1.3260279487993607,0.04224423534081248
Junnasandra,12.9064203,77.6835161,1.6682331549038187,0.045264709300778055,0.4929507433965404
Jyothi Nagar,12.8641456,77.5817188,0.1560389866297218,1.0685610000655759,0.1748590466181626
K G Colony,13.027497,77.5869989,0.48020244867437617,0.07807048112703235,0.0885559001067296
KEB Colony,12.9347657,77.5685736,0.17799421688860795,0.2272823709417582,0.0450400127549115
KG Halli,13.0568608,77.5327052,1.5673789037241408,0.10443050559355074,2.368014958209909
KPC Layout,12.9041861,77.6778517,2.3285835751560953,0.40618791048743474,0.2220187144975238
KR Garden,12.9549208,77.6565969,1.2350996333262854,0.23033030655809233,0.41400888424084153
KR Layout,12.9549835,77.6532944,0.9945799463065542,0.17103087607749437,0.2679590241311294
KR Puram,13.007516,77.695935,1.2063438008359872,0.0725318111449869,0.10113819638991485
KSRTC Layout,12.9128386,77.5934931,0.2854240080511525,0.2324193256923957,0.22330191428326093
KUDLU MAIN ROAD,12.8921814,77.6483362,0.4662258461567119,0.40248947546452474,0.2914893179977559
Kachanayakanahalli,12.7990299,77.6830517,,1.54826525389857,1.9181576533371743
Kacharakanahalli,13.0222071,77.6319093,1.4192547104011903,0.24511740635023122,0.256463852814521
Kada Agrahara,13.0815052,77.69505,,,0.380248871889885
Kadabagere,12.9857708,77.4789451,0.26666168196929935,0.135369099080518,0.07413534737421429
Kadarenahalli,12.9119181,77.5646668,0.6638450126403905,0.274376708943005,0.08274171243989067
Kadubeesanahalli,12.938965,77.6964066,1.0016046158440992,0.08608407292181336,0.32755299220666445
Kadugodi,12.9957428,77.7579489,1.1144729321489393,0.17048172625949445,0.013350138581150509
Kadugondanahalli,13.0207029,77.6215464,1.1864235863068517,0.38477451843725136,0.2718428653976002
Kaggadasapura,12.9812262,77.6745845,0.646798793911414,0.32098778065898065,0.5136258206317895
Kaggalipura,12.8089587,77.5097006,,0.4895602234017572,0.33747963600469194
Kaikondrahalli,12.9138348,77.6775268,1.7387244171739296,0.04654270685825429,0.01642661421961754
Kalasipalya,12.9584549,77.5808236,0.34869748591006494,0.2456574381597287,0.38922439259335057
Kalena Agrahara,12.8658068,77.5911918,0.5611288741900337,0.8962946840072035,0.06985893351794416
Kalhalli,12.8803569,77.7708542,,0.9049664962487898,1.0083086137926025
Kalkere,13.0344453,77.6766779,0.8909151450818696,0.20712465415371503,0.22436608172218483
Kalkere Channasandra,13.0377497,77.6881098,1.5802014494666574,1.0480933617449517,0.4457395042056329
Kalyan nagar,13.0221416,77.6403368,0.8968727819698661,0.07210678877984385,0.3293062580064786
Kamakshipalya,12.9858669,77.5331755,0.7986817255048374,0.15164368469901554,0.29162092680657054
Kamakya Layout,12.9239667,77.5492664,1.1039975888165876,0.12733855878242836,0.12426894298952465
Kamala Nagar,12.9450536,77.5586486,0.7089981216212989,0.0,0.19825631794558962
Kambipura,12.8822711,77.4606466,1.8098256820534289,1.5381636044527405,0.20984592125537418
Kamdhenu Nagar,12.9960265,77.6864573,1.3501146389709033,0.5481437195171115,0.28799597815778843
Kammanahalli,13.0148544,77.6382029,0.4534203713407507,0.26189343986565494,0.15943553212588477
Kammasandra,13.079198,77.7136366,,,0.9154375970634977
Kanaka Nagar,13.0374105,77.6082063,0.16214859993727668,0.4380922074420829,0.25818207956342887
Kanakadasa Layout,12.9823009,77.5896603,0.6580174952192218,0.9239618105226707,0.10938373490867447
Kanakapura,12.9189383,77.5739265,0.38823816131093253,0.17600290734454724,0.12529502298355524
Kanakapura Main Road,12.9421348,77.5768444,0.7156367711120106,0.13171183726337857,0.1786186217877667
Kanakapura Road,12.8622076,77.5303418,1.3512782086849493,1.3148971281446862,0.05034636334562481
"Kanakapura Road,",12.8622076,77.5303418,1.3512782086849493,1.3148971281446862,0.05034636334562481
Kanakapura main  Road,12.9421348,77.5768444,0.7156367711120106,0.13171183726337857,0.1786186217877667
Kanakpura Road,12.8856913,77.5526564,0.9963963823531752,0.35909163872291805,0.09734685453818323
Kannamangala,13.0154819,77.7631515,1.429319726136114,1.0310777560740663,0.2849821535106997
Kannur,13.1014045,77.6356543,0.2833321022347779,0.6498841956919428,0.06336994371882988
Kariyammana Agrahara,12.9371495,77.6873031,0.015743591692154175,0.5615978168720168,0.44067104362030884
Karuna Nagar,12.921008,77.5878683,0.42808600922288853,0.0728552035805086,0.2706525241594852
Kasavanhalli,12.9047595,77.6759172,2.2843970189080567,0.2078463463142163,0.013608615868919517
Kashi Nagar,13.0084602,77.6609259,0.30423049625327914,0.3191923656913808,0.3036283521331368
Kasturi Nagar,13.0015277,77.6512362,0.5432022852901733,0.7088322872416989,0.6359952869577619
Kathriguppe,12.929217,77.549692,0.7272082591558665,0.18275087497106776,0.22212514365577887
Kattigenahalli,13.1177735,77.6261222,2.307834569624511,0.3736851832765202,0.4439453132380875
Kaval Byrasandra,13.0200235,77.6092887,0.948370139736374,0.2754779248766035,0.17351951095085466
Kaverappa Layout,12.9367886,77.6980587,1.1575655617854848,0.22311128562568405,0.5803212089457007
Kaveri Nagar,13.0326126,77.6096168,0.40577787357295564,0.11983316209259305,0.3433384745090121
Keerthi Layout,12.7963302,77.7101094,2.7348357288773935,0.3079473271818293,0.5966580149906668
Kempapura,13.0478903,77.6096313,0.6225310041959526,0.5758064833941038,0.2852479806266651
Kempegowda Nagar,13.0025745,77.5256814,0.3303085085488997,0.8430060696577572,2.5484504451613117
Kenchenahalli,12.9267912,77.5132978,0.6754258945437301,0.26103390738401244,0.15349243446009475
Kengeri,12.9176571,77.4837568,0.4503921372896056,0.3716515779443523,0.1561736051709742
Kengeri Satellite Town,12.9229728,77.4842926,1.0206668348202501,0.10913482920136604,0.13004628098055962
Kereguddadahalli,13.0794507,77.5155027,2.5272249055677523,0.9809704147769334,1.1930317428081252
Keshava Nagar,12.9598176,77.5335655,0.2321090363917142,0.0,0.156527057587764
Kirloskar Layout,13.0669639,77.5009307,0.8578510398022916,0.0330324908564049,0.09873902691495588
Kodathi,12.8905129,77.7133427,1.2972995896053099,2.3827254204468664,0.9617959040402824
Kodichikkanahalli,12.8966996,77.6124269,0.22172817626571117,0.26323168693468313,0.6305082102936035
Kodigehalli,13.0031666,77.7272835,1.3341155333896064,1.1570131214671862,0.07553538832241967
Kodihalli,12.9635497,77.6460411,0.2641434516488122,0.2476718382881742,0.4051581314440208
Kodipalya,12.9004224,77.4871294,1.1423584173714307,1.1614897467179799,0.15295409564935386
Kogilu,13.1067228,77.6173956,2.098973134389521,1.2247963413564493,0.28275421196104245
Konanakunte,12.8792861,77.5697529,0.1686701130671464,0.586149661122673,0.24268910193272406
Konanakunte Cross,12.890447,77.5640809,0.17889137519298387,0.33106104321130225,0.2172344168128708
Konappana Agrahara,12.8528618,77.668169,0.13584686556344056,0.05519755930908911,0.1982490321747742
Konena Agrahara,12.9528903,77.6511294,1.1058156336951128,0.28641464919555054,0.570170911964331
Koppa,12.8548787,77.6096546,1.1929508096045136,1.2918904730484524,0.9936762320557788
Koramangala,12.9357366,77.624081,0.26752977963520624,0.16534876253541192,0.11653633393090411
Koramangala Industrial Layout,12.9332863,77.6147149,0.3393757075264874,0.169995860250447,0.18467584133820641
Kothanur,12.8701259,77.5820178,0.29012535615550794,1.2046900818961757,0.1255652912582252
Krishna Nagar,12.8775024,77.5845488,0.05541075681948957,0.3640757840014274,0.0825485946828874
Krishna Reddy Layout,12.924189,77.6737223,0.7633239336197294,0.0032958674947663118,0.038086587113846
Kudlu,12.8889126,77.6555716,0.7560662488900936,0.5476723874756205,0.710458599490456
Kudlu Gate,12.8899174,77.6396808,0.14188022972770004,0.49239161016648875,0.05043321777910862
Kumara Park,12.9922298,77.5783472,0.1411369984680065,0.13799467159764242,0.2411565573744297
Kumbena Agrahara,13.0017965,77.7473882,0.8505142118322797,0.9203469692707317,1.0322559141064789
Kundalahalli,12.977594,77.7155586,0.884085752213232,0.567895273741003,0.06042850817285947
Kundalahalli Colony,12.9706554,77.7115645,0.4773438374284263,0.5845185438367684,0.09650786633124725
Kurubarahalli,13.0012139,77.5362964,0.19845921984311665,0.035125355744018615,1.4479499065895312
Kuvempu Layout,12.9133887,77.6043111,0.059847130539427924,0.036004755918556515,0.3520586412916191
Kuvempu Nagar,12.9144469,77.6137532,0.1867331650015522,0.047619465377357215,0.30650357802006745
Kyalasanahalli,13.0564575,77.6591321,1.8996021428471153,0.8097085409418486,0.05347190500650578
LB Shastri Nagar,12.9660384,77.6708961,1.5732036233341649,0.1784131901123171,0.7385926001419972
LIC Colony,12.9091489,77.5853379,0.4274040367563571,0.207957755312552,0.07185940963813695
Laggere,13.0108677,77.5207301,0.7834476486030592,0.23204380390580087,0.14095416312272255
Lake City,12.8997376,77.6173368,0.3234794189354568,0.4082385826080998,0.1827174697256895
Lakkasandra,12.9381829,77.6002563,0.20715883255759687,0.2929905799682557,0.15678101936817063
Lakshmi Layout,12.8913057,77.5878632,0.3198723561558485,0.5925663826413038,1.9332196786398446
Lakshmipura,13.0875111,77.5314071,2.584538157339009,0.3722186656767592,0.14086196677524318
Lal Bahadur Shastri Nagar,12.9678103,77.6715478,1.3753526797344136,0.14362930003541172,0.7394478128565196
Lalbagh Road,12.9549004,77.5855742,0.3739976313145663,0.31028170222621365,0.08453075237748145
Langford Gardens,12.9631709,77.598018,0.5446156283095855,0.029801653715126657,0.16082382263972436
Langford Town,12.957998,77.6037312,0.2655519170530348,0.8272948084593617,0.2657066140212644
Lavelle Road,12.9722287,77.5986661,0.5365246920462017,0.5426429057212498,0.3540851916595122
Lingarajapuram,13.0093949,77.6267881,0.3682592202258137,0.3515177846176174,0.33326893422533554
M C Layout,12.9730957,77.5353937,0.3422488203410949,0.12009146058907685,0.27119492918307464
M.G Road,12.9726546,77.6183454,0.2969459955992105,0.35028139362606475,0.11831363492708201
MCECHS  layout,13.0725802,77.6152451,2.4234851466555427,1.2674877205147277,0.4600851017448817
MLA Layout,13.0179119,77.5906795,1.3298978413341933,0.7207342854830042,0.12955253783175122
Madavara,13.0574214,77.4728055,2.726004390393075,,0.04443169888535859
Madiwala,12.9218931,77.6177348,0.14968674086517342,0.24461103291911407,0.28774419391213163
Magadi Road,12.975608,77.5553564,0.2292305088560362,0.17130996524676126,0.0027054036356794608
Mahadevpura,12.9968412,77.6928386,1.5207391917212452,0.10293110982155244,0.03208053728097204
Mahalakshmi Layout,13.0113153,77.5446972,0.2374027662924826,0.4081989036260679,0.09506708627720341
Mailasandra,12.915939,77.4932278,1.1618555906854515,1.0648934335265987,0.32485957917486874
Maithri Layout,12.9848621,77.7559192,0.8143598850473553,0.4608689361061566,0.2836616874404254
Makali,13.0655449,77.4533438,,,2.2392726106244023
Mallasandra,13.0548302,77.5155741,2.4592409808990885,0.6787299500957701,0.5584357386846475
Mallathahalli,12.969649,77.5023618,2.1094366262105178,0.20246349592556173,0.20842384261163704
Malleshpalya,12.9744129,77.6743533,0.6633319534919848,0.12483878782901718,0.4079732980149955
Malleshwaram,13.0027353,77.5703253,0.21435190294512552,0.10133573144680583,0.09434804742784757
Manayata Tech Park,13.0454837,77.6266492,0.4577959008435539,0.37062941434958513,0.06267297970960052
Mangammanapalya,12.9075288,77.6350312,0.10312938337475973,0.47184916776926433,0.7086037511511709
Manjunath Nagar,12.9536329,77.6543602,1.1837030460344262,0.23900095289516538,0.4202899269707838
Manjunatha Layout,13.0250058,77.7001393,2.511170660734572,0.34873811204339666,0.38892888300262163
Manorayana Palya,13.0296633,77.6061427,0.29694994594264235,0.17614769399787675,0.34159265820056206
Maragondanahalli,13.0376489,77.6922232,1.639580594345309,1.3553045998863238,
Marasandra,13.1039235,77.7114248,,,0.6265609725363678
Marathahalli,12.9552572,77.6984163,0.6719239127411085,0.190113011289509,0.24191240091988964
Marathalli bridge,12.9563664,77.7069965,0.4871133592560694,0.2125668759087827,0.19664474191646042
Marathi Layout,12.9114081,77.6443062,0.5226173970088699,0.2090994419168695,0.06385391643655443
Marenahalli,12.9182594,77.5916651,0.05466150487075693,0.25555289665831094,0.14945018234700724
Margondanahalli,13.0302592,77.6935252,2.4717473796786438,0.7098069136914165,0.680034524469606
Marsur,12.7678915,77.7043732,,2.9751270129140357,0.3579930213141969
Maruthi Extension,12.9976424,77.5631012,0.62441478236405,0.32964634724293923,0.11867396690806696
Maruthi HBCS Layout,12.9977407,77.5418368,0.27771826066935384,0.11839253406125955,0.14588791658310254
Maruthi Layout,12.9204015,77.6067432,0.21221266263495098,0.19133589277850008,0.161746871646241
Maruthi Nagar,12.9746062,77.6756305,0.533627165085799,0.11804323871647039,0.302324913520465
Maruthi Sevanagar,13.0027048,77.6346165,1.2297231287104318,0.08092819616953754,0.7840691543795879
Mathikere,13.0333587,77.5581786,0.646935825124672,0.08795574475217341,0.2433558003882036
Mathikere SBM colony,13.0372442,77.5566011,1.0466319616267512,0.20280082306950434,0.2150171401733672
Medahalli,13.0278454,77.7206079,,1.0953393013345307,0.17087647233558015
Medi Agrahara,13.1029398,77.52051,,2.3674493785499675,0.43393404165396965
Michael Palaya,12.9844888,77.6467705,0.6778186322014563,0.4547860310734322,0.23556328395072568
Mico Layout,12.9129858,77.6037799,0.12695195139615173,0.03488390914275784,0.38946800718739705
Milk Colony,13.0093324,77.5583026,0.3462133103502373,0.4469556593017001,0.15191425050061094
Millers Road,12.9952022,77.6030016,0.3983695472944181,0.09315159198712701,0.18263645711520993
Moodalapalya,12.9721131,77.5215397,1.0905053336524015,0.27981750725603177,0.25816615988366964
Muneshwara Nagar,13.0052451,77.7132511,1.368722120086676,0.1374082596602313,0.3734792288684772
Murugeshpalya,12.9589406,77.6555917,0.8910043150551071,0.1378728066984868,0.06397336889076768
Mylasandra,12.9160293,77.497544,1.0498796000124417,1.0161892069486165,0.7629386641427629
Mysore Highway,12.8822917,77.4479257,2.488785686641193,2.151307104242227,0.36859748485322996
Mysore Road,12.9467026,77.5300705,0.7109790178070446,0.46825749728823785,0.005936056985614694
NR Colony,12.9388164,77.568326,0.39075792544071,0.22650359368044726,0.17801940357571577
NRI Layout,13.0271999,77.6792114,1.1713850501422938,0.24297810870491357,0.6610985495866328
NS Palya,12.9089511,77.6035005,0.10262343284272041,0.18459146933808268,0.038311459056129385
Nagadevanahalli,12.939922,77.4913207,1.5097514383706583,0.47547542972112505,0.3108672929092538
Naganathapura,12.8755868,77.6673054,0.37272281291932235,1.4150375108029138,0.2505047746833327
Nagappa Reddy Layout,12.9599768,77.7154704,0.30136500212764855,0.06244423759394581,0.10294562581329589
Nagarbhavi,12.9512353,77.519054,0.7881468673794932,0.5196799955806761,0.1790219239819533
Nagarbhavi  BDA Complex,12.9793561,77.5105425,2.2798669354972447,0.18445459251756027,
Nagasandra,13.0479536,77.5001422,2.6122626591073486,0.48998159635054833,0.19549304218466462
Nagavara,13.0374647,77.623602,0.5002868566305048,0.058063217754949936,0.057276928398049105
Nagavarapalya,12.9866903,77.6577863,1.061738820046865,0.46117726926659464,0.44094387296438475
Nagawara Junction,13.0454631,77.626723,0.459556186081025,0.3674913614194739,0.0543642583614899
Nagondanahalli,12.97516,77.7703403,0.7765513150713883,2.070051434549789,0.11123349766157044
Naidu Layout,13.0332707,77.5730946,0.5629328014957403,0.20475668083687662,0.3042417846078954
Nallurhalli,12.9766408,77.7248845,0.16971982030042126,0.1138750096438843,0.1460009904088637
Nandi Durga Road,13.0044951,77.5948451,1.6146912312277517,0.9605604745077252,0.14452081833479957
Nandini Layout,13.0125961,77.5333145,0.6865714187979948,0.6375746820762526,0.18641367839760656
Nanjappa Garden,13.0234077,77.6504121,1.1734119850881333,0.32797618124851274,0.2525390588176662
Nanjappa Layout,13.0682587,77.5566819,0.8453676384819615,0.09416214941565072,0.263501197428554
Nanjappa Layout Vidyaranyapura,13.0682587,77.5566819,0.8453676384819615,0.09416214941565072,0.263501197428554
Narasapura,13.0721622,77.5587998,0.5021005226389894,0.25902949572868883,0.2546272728802044
Narayanappa Garden,12.9647744,77.7511974,0.1957964353128343,0.2636682039067877,0.26969653830254325
Narayanapura,13.0716969,77.6193949,2.286663153661873,1.474189882653001,
Navodaya Nagar,12.8823286,77.5828765,0.05135005529616874,0.2239914932464633,0.15849957212270213
Ncpr Industrial Layout,12.9859833,77.7128318,0.6052882179814117,0.7155544153890304,0.33422697549544333
"Near Electronic City,",12.9984475,77.5423888,0.2401875638910488,0.028964741237211357,0.10607613485654399
Neeladri Nagar,12.8414612,77.6479661,1.1596607240048924,0.04739070040224112,2.359275490523564
Neelasandra,12.9523859,77.6152058,0.19981005243079736,0.036093575118353594,0.27955672083909217
Nehru Nagar,12.9829907,77.5744995,0.8129287736298327,0.3522910287387797,0.13723028550631056
Nelamangala,13.0979667,77.3945591,0.21923384667237586,0.07822772708095527,0.042738997357864565
New Gurappana Palya,12.9242342,77.6041393,0.0,0.18967670738471076,0.40216131810046934
New Thippasandra,12.9761264,77.660815,0.8102886504602792,0.5734579359470656,0.5607771749754614
Ngef Layout,12.9592694,77.5093895,0.9305482872424012,0.2047945012860093,0.10640091515651391
Nobo Nagar,12.8679232,77.5962356,0.5975142550448321,0.8076835970106383,0.40291669100785793
OMBR Layout,13.0082113,77.652778,0.5757179210946703,0.22977949505579853,0.0418216000410688
"Off Sarjapur Road,",12.9098432,77.6878366,1.1331386661798992,0.5618084014786834,0.23992230315947302
"Off Sarjapur road,",12.9098432,77.6878366,1.1331386661798992,0.5618084014786834,0.23992230315947302
Okalipura,12.9825341,77.5678787,1.008346840819653,0.4787875139167972,0.5179398730300535
Old Airport Road,12.9591061,77.6595688,1.2876293687156375,0.053605341277155646,0.020907716040828483
Old Madras Road,13.0069152,77.6882534,0.39380889767541016,0.4502325198385685,0.3637607340242174
Old Mangammanapalya Road,12.899926,77.6358309,0.16216775994003815,0.2932326157655021,0.4040971275058385
Omkar Nagar,12.89,77.5973052,0.6951005885633506,0.11833605587575262,0.07125942788058988
Outer Ring Road East,12.9792116,77.6952364,1.0465973228735497,0.20070064811330338,0.19216660646743447
P Krishnappa Layout,12.9070818,77.6929357,0.7065584964685563,0.36144363171915334,0.27200116227269333
P&T Colony,12.9597301,77.6421523,0.21346954153471182,0.23714438168975732,0.07562548821254411
P&T Layout,13.0124489,77.6960226,1.308590940354927,0.03535318758773617,0.2989086899128101
PC Palaya,12.993425,77.7005156,1.7607613982196095,0.12948273800429008,0.13793829002245198
PNS Layout,13.0648728,77.5841846,0.6564241349471568,0.4551218440794641,0.10088418828288846
Padmanabhanagar,12.9181024,77.5576638,0.16050130550414363,0.20093722147129717,0.05931233006307777
Pai Layout,12.993111,77.6666772,0.40261215166450187,0.4996379991045377,0.31388866150290856
Palace Guttahalli,12.999489,77.5843469,1.0334390764126238,0.26593928175594106,1.613882541202653
Palace Road,12.9751459,77.5825554,1.2930436753524392,0.5214026466176859,0.11665070127908297
Palanahalli,13.1163349,77.6146643,2.935890482913863,0.5679779905131839,0.6473574530367038
Pampa Extension,13.0544256,77.5991953,0.44862812150184433,0.18846688597428773,0.17401656279238115
Panathur,12.9351457,77.7047541,1.3522923878737512,0.1539823729039149,0.18186331636302397
"Panathur Road,",12.9554389,77.7004848,0.5249829117568671,0.15990441242466286,0.1609241174154045
Panduranga Nagar,12.8930758,77.5961351,0.6104650925035187,0.2624868301419979,0.3541065757941077
Parappana Agrahara,12.8802088,77.6658442,0.2221101015040528,1.1478489151617226,0.669251666654771
Pattanagere,12.9200602,77.506701,1.056301341756837,0.8255715402634687,0.5300518167224695
Pattandur Agrahara,12.9876393,77.7377718,0.851841059365923,0.6283640539606055,0.06875728956578524
Peenya,13.0330515,77.5332233,0.6206590321161664,0.9324745827687105,0.004356173623286964
Phase 1 Kammasandra,13.079198,77.7136366,,,0.9154375970634977
Pillahalli,13.1025289,77.4287996,,2.5587832802427433,0.03427551097370111
Poorna Pragna Layout,12.9089902,77.5327496,0.502509340007645,0.1518297788398314,0.19456518473736864
Postal Colony,13.0351918,77.5771223,0.2015125228504436,0.24389116970470462,0.18185364993877048
Pragathi Nagar,12.957534,77.7009125,0.3030078134310896,0.020343225489316313,0.11120998630153794
Prakash Nagar,12.9948984,77.5635409,0.6067248036758738,0.3556086533232376,0.14998040275369853
Prakruthi Nagar,13.0978966,77.6157367,2.0943975072731167,1.102955114819291,0.2871918122906852
Prasanna layout Herohalli,12.9974648,77.4970838,1.0211271430201543,0.6868574598905944,0.03907033829865718
Prashanth Nagar,12.9776188,77.5313254,0.2680808656145407,0.1809433208006084,0.2068048453442681
Prestige Sunrise,12.8334817,77.6631176,2.0955844610090604,0.16328343462694594,0.7395050387154494
Prithvi Layout,12.977178,77.7436455,0.3302706528674197,0.9020964722799287,0.793661241073823
Puttanahalli,13.1119851,77.5770582,0.9089338121239224,0.9140418500522434,0.35587521070699507
Puttappa Layout,12.9709603,77.6527383,0.08165628070155871,0.07142209596134541,0.19483960629180808
Queens Road,13.0286549,77.5719067,0.6979898240027305,0.4047715625352339,0.16521284398024463
R.T. Nagar,13.0254156,77.5960071,0.37059237313249177,0.1368004962649884,0.16073559408417662
RBI Layout,12.8873819,77.5840351,0.231458753639429,0.371494327219449,0.22835253062452637
RK Layout 2nd Stage,13.0274554,77.5772913,0.4154299189121366,0.07037396130832219,0.20809146221973834
RMC YARD,13.0244143,77.5482175,0.9160918889162011,0.8622914683652185,0.13510161765720782
RMV,13.0360109,77.5695288,1.0285946577403429,0.23016829477531853,0.24790917993707162
RMV 2nd Stage,13.0360109,77.5695288,1.0285946577403429,0.23016829477531853,0.24790917993707162
RMV Extension,13.0356488,77.574775,0.4608208820850388,0.05757389317928438,0.1673418787107752
RMV Extension Stage 2,13.0222132,77.5781101,0.9297920213791828,0.44082906115034926,0.5292293077768258
RPC layout,12.9609115,77.5358407,0.3567492402078221,0.17870499939604195,0.2082334812396441
RR Layout,12.9156177,77.6347321,0.26365373192307096,0.028303384206787855,0.06659891781860725
RR Nagar,12.9314733,77.5290964,0.6085096871896565,1.3180044239856747,0.41043325292157007
Race Course Road,12.9819671,77.5766178,0.7324767202416441,0.5473491645355066,0.09854207600904437
Rachenahalli,13.0588586,77.6232576,1.084068787661565,1.0315316936979175,0.10234439479614532
Raghavendra Layout,12.8918925,77.579749,0.44680430599827947,0.024338333926650427,0.22987883774169426
Raghavendra Nagar,12.8918543,77.5777361,0.5032958808819047,0.24187692455015408,0.23987953049974775
Raghuvanahalli,13.0850111,77.7600477,,2.661034515228484,1.3724692330592798
Rahat Bagh,12.9914863,77.6613684,0.45336609000391936,0.3233528415451345,0.34262379222932926
Rahmath Nagar,13.0173076,77.5917019,1.3067703560879775,0.6317841745976311,2.713742030810227
Rainbow Drive,12.9062184,77.6868318,1.3366599251165245,0.3433401868159537,0.434460185020798
Raja Rajeshwari Nagar,12.932582,77.5162034,0.9759304408956934,0.1594975898310746,0.5154087829957453
Raja Rajeshwari Nagara,12.9299784,77.5206938,0.6675635912659034,0.5850266932606282,0.7306708336927413
Rajaji Nagar,12.9945063,77.554298,0.9169000511960155,0.09379699060365311,0.1635631137513544
Rajankunte,13.1729749,77.5669132,0.21520196253492516,0.1947757253996015,0.23311405927940881
Rajanna Layout,12.930774,77.5968998,0.1284740212898413,0.44764418105802745,0.45066246956253364
Rajapura,12.7831791,77.6631594,,,2.0100619543115394
Rajarajeshwari Nagara,12.9193976,77.5180364,0.3938696042670539,0.31757649655719566,0.2795974216602332
Rajarajeshwari nagar,12.9274413,77.5155224,0.5155007343431423,0.12525757331846235,0.15852739600402108
Rajarajeshwarinagar,12.9061275,77.519558,1.090375591346259,0.5388989016345384,0.2228901669180331
Rajasree Layout,13.0686085,77.5562896,0.8525571884196071,0.06877768852976267,0.20998972548363545
Rajiv Gandhi Nagar,13.0529919,77.5842533,1.2356090561938042,0.6030273866895369,0.6758674863599148
Rajiv Nagar,13.0529919,77.5842533,1.2356090561938042,0.6030273866895369,0.6758674863599148
Ramagondanahalli,12.9558969,77.7405826,1.069675812437609,0.10702405733623682,0.1305269766110204
Ramakrishnappa Layout,12.9778951,77.5164792,1.6170914410500894,0.5265660189821747,2.378736265459641
Ramamurthy Nagar,13.0120218,77.6777817,0.7012545493049456,0.10050384447939555,0.13406734926628117
Ramamurthy Nagar Extension,12.995811,77.5663291,0.4625455526039752,0.33047643878262845,0.0999163601358794
Ramesh Nagar,12.9633466,77.6800333,1.5482290205251625,0.6450598162077789,0.20446242977301846
Rayasandra,12.8795774,77.6719842,0.30464370485031217,1.1846682539556457,2.3188752919870117
Rest House Road,12.9737631,77.6064116,0.4697733657818875,0.2685156028759754,0.11949736087311028
Richards Town,13.0042369,77.6170601,0.4526324685058399,0.17332560449287832,0.16852625574852267
Richmond Road,12.9664415,77.6077724,0.1084943661145062,0.1975363589240774,0.11769611528414546
Richmond Town,12.963555,77.6015856,0.5015668300732825,0.24743991598672377,0.32513003718285577
Ring Road Nagarbhavi,12.9605743,77.5127492,0.6168618785384404,0.13869857958511883,0.044352482464586354
Roopena Agrahara,12.91064,77.6238263,0.12476365502838638,0.08390353509992757,0.2500192635494851
S R Layout,12.9034217,77.5828148,0.2573978387439775,0.3375025457588577,0.3418055235327632
SBM Colony,12.938813,77.5526032,0.1557611700867489,0.02587539344085956,2.2153455862593647
SHANTHINAGAR,12.9578068,77.5994152,0.2483061579441673,0.6137291006360698,0.34268167844721675
SK Garden,13.0045682,77.6069927,0.8057033933644494,0.33990438494518416,0.41353121467930204
SMV layout,12.8819431,77.6728073,0.5700787712354487,0.9138016697079376,0.27777290233389973
SRINIVASAPURA,13.1062092,77.6239014,1.4534998280342353,0.5916845920262863,0.3105522194165184
Sabari Nagar,12.971655,77.6058944,0.24581522709838377,0.08344379507952569,0.09527608159336029
Sadahalli,13.2042628,77.6458748,,,2.677573327729058
Sadaramangala,12.9989026,77.7375086,0.41151422663704995,1.365241057153577,0.1112863871150596
Sadashiva Nagar,13.0110193,77.5808641,0.22947715411048,0.21756511623590719,0.2723567106926853
Sadhguru Layout,12.9957271,77.5862314,0.9470493357549777,0.5743034692256637,0.22160361388061464
Sahakara Nagar,13.0621474,77.5800614,1.0583894936522613,0.7788420229890425,0.37977506456317434
Sahyadri Layout,12.9064193,77.5633803,0.40495725102451785,0.04033801521442244,0.12124663326091736
Sai Gardens,12.9467591,77.6760671,0.45581398774269377,0.37806578871637,0.506742622069756
Sampangi Rama Nagar,12.9666076,77.5925094,0.16221791472929775,0.060849217169958406,0.20767629484921196
Sampangirama Nagar,12.9795587,77.589992,0.957541672824076,0.9347819212719833,0.2001932986580925
Sampige Layout,12.9764697,77.528243,0.3473977635132612,0.18280581661733844,0.26344425059587734
Sampigehalli,13.0805925,77.6291328,2.136854014436101,0.6635562954949952,0.5155175223891835
Sanjay nagar,12.9578658,77.6958748,0.7629447133998302,0.3149495935342058,0.19282613212931424
Sanjeevini Nagar,12.9162546,77.5891812,0.1712180968464067,0.3897447647072238,0.08148180721654057
Saptagiri Layout,12.8451256,77.6457413,0.9949690776947823,0.3196679232317243,0.24146601750888894
Sarakki Nagar,12.9106407,77.5845458,0.33457531139658175,0.038730748877569235,0.0655157093407413
Sarjapur,12.9694037,77.5870258,0.513245507673521,0.17534332167290267,0.04436515179845821
Sarjapur  Road,12.9244884,77.6451418,0.5500515300656763,0.33379701728610073,0.22889400708940627
"Sarjapur Road,",12.9243414,77.6448784,0.5763147173538844,0.35991190441813453,0.2547980447962064
Sarvabhouma Nagar,12.9124073,77.5466561,0.4586077276311911,0.22697772966234456,0.22028595318438818
Sathanur,13.0735244,77.6214579,2.3223366652236273,1.296482725744849,0.30203272745239534
Sathya Layout,12.989889,77.7186215,0.44128504667931234,1.232656130461903,0.30360169774653306
Sathya Sai Layout,12.9327296,77.7039713,1.6295483020778065,0.42920812132069897,0.423255606551295
Sector 1 HSR Layout,12.9118559,77.6516888,0.28967751551107795,0.10352162403407145,0.01876204219603065
Sector 2 HSR Layout,12.9118578,77.6517238,0.2920468130903524,0.10244649270770781,0.01620756865507219
Sector 4 HSR Layout,12.9145663,77.6446063,0.4277067697938402,0.15282408190948535,0.19051352957372603
Sector 6 HSR Layout,12.9156177,77.6347321,0.26365373192307096,0.028303384206787855,0.06659891781860725
Sector 7 HSR Layout,12.9093675,77.6407794,0.42039043923080816,0.35882624734090907,0.17405029849185394
Seegehalli,13.0164845,77.71748,2.56558640069113,0.05354433590964576,0.0690586066875828
Seetharampalya,12.9813697,77.7086129,0.8539704419126385,0.10713767431607657,0.06012222407648955
Seshadripuram,12.9946631,77.5747183,0.6035254656519741,0.11259400558443747,0.10502858242413707
Shakthi Nagar,13.0178699,77.6165505,1.43593237338042,0.5777914671223405,0.2644888131117965
Shampura,13.0309565,77.6111581,0.627610324960466,0.32893227598840247,0.2560862573611048
Shankarapuram,12.9528538,77.5703309,0.26698805705429585,0.07211160542018111,0.2929733764976266
Shanthala Nagar,12.9714173,77.5994394,0.48213952762821904,0.4390559028194807,0.4218333434650697
Shanthi Layout,13.0167674,77.6834304,0.9794981398109798,0.1469436173015745,1.9582463288874477
Shanti Nagar,12.9555367,77.5924278,0.387589716177905,0.06427101391329804,0.10459920223804789
Shantiniketan Layout,12.8824524,77.6024627,0.20419629024974173,0.5226700664503133,0.5527872448547392
Shettigere,13.1954297,77.649453,,,0.5730267078713411
Shettihalli,13.0587626,77.5263725,2.195477872281649,0.7775993901965903,0.5845035663465729
Shetty Halli,13.0502833,77.525675,1.6623197862133425,1.0087002211289058,1.3471748325776944
Shikaripalya,12.8359685,77.6571728,1.655037556174444,0.1558641796823294,0.16216851840362573
Shirdi Sai Layout,12.9135912,77.6067733,0.20797876914598362,0.02956502271876366,0.32428179336951674
Shirdi Sai Nagar,12.969801,77.6303775,0.12296911447404064,0.05188846534668855,0.771784196632166
Shivaji Nagar,12.9883249,77.6004488,0.42893361858690776,0.25813165624321316,0.19696017345994005
Shivanagar,12.9865226,77.5494848,0.15856546419061762,0.0508283055389894,0.03352885111441704
Siddapura,12.9464207,77.5920877,0.2487304676208248,0.30376099335483864,0.1603660071934219
Sidedahalli,13.0625424,77.4953754,0.9159314362689657,0.7974950828995189,1.3883200774586322
Silk Board,12.9167139,77.6214094,0.48564578281635135,0.23585017595636976,0.03595374070420915
Silver Springs Layout,12.9582324,77.7098778,0.5416231226369274,0.163594859091487,0.22619843012050178
Sindhi Colony,12.9946318,77.6165816,0.24544126158283072,0.3552679902355233,0.10092519017581192
Singanayakanahalli,13.1478621,77.5693207,1.213930867520748,2.5909998876130365,0.03222386784894168
Singapura Village,13.0797045,77.5384544,1.4452352475653876,0.35191670091045985,
Singasandra,12.8787382,77.642089,0.49358184791195925,0.3720611817357301,0.3575757014792725
Singena Agrahara,12.8400642,77.7126767,0.571293670000818,1.9650143356499643,1.625538965785881
Sir M V Nagar,12.9312736,77.5704231,0.2344473817413387,0.43680525124084923,0.3195476588311799
Sneha Colony,12.9987826,77.6177648,0.22437753759378448,0.08705453756177325,0.20664710099857272
Someshwara Layout,12.9035976,77.6938015,0.9312879082089528,0.2845782048739962,0.4300652684392496
Sompura,12.8778283,77.4972385,2.7172827999626743,2.805778242439059,0.06633469434453007
Sonnenahalli,12.9433048,77.4801187,2.409374851402626,0.42511228964502196,0.13230346848627503
Soppahalli,12.7483443,77.6763175,,,1.228196515342248
Soundarya Layout,13.066906,77.4967968,0.5174996471440045,0.4798944468963525,0.05872828424760127
Sree Narayana Nagar,12.8837645,77.5507558,1.1760119395699977,0.06521543398426195,0.05605719558231786
Sri Balaji Krupa Layout,12.8732692,77.6460654,0.742233969714381,0.12848837217521195,0.4634068928726152
Sri Sai Layout,13.0395959,77.64454,0.6382384066467907,0.46577628707821156,0.0838626843753753
Srigandada Kaval,12.9851531,77.5032883,2.0372274301318205,0.6398372514355147,0.28788509279063274
Srinagar,12.9484488,77.5514971,1.0775175638101453,0.5677294181457373,0.13788367017271744
Srinivas Colony,12.9639012,77.6472266,0.1953067362975219,0.3424028123099912,0.4231858965544183
Srinivasa Nagar,12.9877574,77.5378544,0.25777068604203635,0.1759889439082334,0.060954846147703814
Srirampura,12.9964948,77.5632993,0.7182505424304229,0.43165861867510597,0.011663646196096627
St Thomas Town,13.0065573,77.6224071,0.20680103926701637,0.16397983976995262,0.1564175714201721
St. John's Road,12.9865304,77.6158573,0.4198395491300619,0.25243445549676835,0.0482745802710609
Subash Nagar,12.9284049,77.5179223,0.4781519669900446,0.33739655215139247,0.34760773854170285
Subhash Nagar,12.9899856,77.5719656,0.42337586050529996,0.24756335100590185,0.011162829909232773
Subramanya Nagar,13.0047903,77.5599387,0.5281332071909708,0.38166414867623405,0.6006807835927794
Subramanyapura,12.8992578,77.5321721,1.136546111340634,0.8850959120596756,0.5123876054084918
Suddaguntepalya,12.931045,77.6098888,0.12182298544348269,0.4794187738039972,1.5952006904274874
Sultan Palaya,12.9639079,77.5687792,0.3438611562866863,0.4036862139012211,0.027090426285778763
Sundara Nagar,12.97293,77.6151399,0.5478699206392824,0.48272052526095693,0.1632562964907549
Sunkadakatte,12.9951556,77.5022163,0.9479074363505907,0.12024458684543277,0.08664922015897214
Surabhi Layout,13.0930374,77.6002443,1.6877638795426047,0.5683983973454702,0.0797794261506827
Suragajakkanahalli,12.7361919,77.6654422,,,0.5673662365206859
Suraksha Nagar,12.9749426,77.6063997,0.6009053486673367,0.3994819417399948,0.02555510081738517
Suryanagar,12.7731527,77.6864397,,,1.6835932453146463
Syndicate Bank Colony,12.9798772,77.5286425,0.5953050114325018,0.4132994523414319,0.4431932677616605
T C Palya main Road,13.020674,77.6861834,1.410166113243208,0.43572737463889716,0.22740292275884816
T Dasarahalli,13.0450201,77.5076896,2.286667141615597,0.16820026095583396,0.5043141849617998
T G extension,13.0013982,77.6019511,1.0838103246601092,0.3512983951429656,0.24875915690066885
T c palya,13.0160374,77.6910921,1.117556458024879,0.6212843141256551,0.7506781153970944
T.C PALYA,13.0160374,77.6910921,1.117556458024879,0.6212843141256551,0.7506781153970944
TC Palaya,13.0105743,77.6932572,0.9563849880311063,0.06101332924158582,0.23714311969400187
Tasker Town,12.9801622,77.605818,0.9193179537913135,0.030034681500714182,0.30686177199660225
Tata Nagar,12.9358121,77.5150011,0.7301127570913796,0.5006159241145423,0.18591182062002215
Tavarekere,12.9220045,77.6096347,0.06764754660186038,0.12328220801839837,0.10016455660965962
Teachers Colony,12.9188265,77.6341185,0.20664211568556418,0.15931867141164624,0.2654943293842475
Tejaswini Nagar,12.8601269,77.6053051,0.48192417574401264,0.6049529198224654,0.6210184176952032
Telecom Layout,12.965528,77.5467051,0.49339324192450884,0.29489426678013975,0.13622130140678937
Thanisandra,13.0522499,77.6316152,0.4103630847737383,0.24472908327676104,0.047911631417567324
"Thanisandra Main Road,",13.0401602,77.6243306,0.19051988831919953,0.14015723482014755,0.02639851671632061
Thanisandra main road,13.0403517,77.6243304,0.16972116571280987,0.14729083909946744,0.03942845889541625
Tharabanahalli,13.101684,77.4798441,0.6934241797040022,2.2134300271851246,0.10091696608177375
Thigalarapalya,13.0170955,77.4829741,2.7577846097606304,0.9131005867298166,
Thippasandra,12.973936,77.6509982,0.04238990060763712,0.09652931942115495,0.1529954342656829
Thirumenahalli,13.0901794,77.6334125,0.9885648011677349,0.7698068311351458,0.26253840034615716
Thirupalya,12.821203,77.6660463,,0.26191034660023105,0.4677613551853734
Thomas Town,13.0065573,77.6224071,0.20680103926701637,0.16397983976995262,0.1564175714201721
Thubarahalli,12.9547872,77.7213154,1.1580769902968089,0.030744632971433896,0.12873349309795315
Thyagaraja Nagar,12.931392,77.5683011,0.34562327860567477,0.349320683506187,0.10595816951929672
Tilak Nagar,12.9275876,77.5947124,0.30465244867826474,0.21429394267269475,0.20524311554658206
Tindlu,13.0750074,77.5673264,1.1293036438987667,0.6129778785315034,0.1577311386516367
Tippenahalli,13.0368275,77.4882249,,0.7862965133883986,0.028567597779730294
Tumkur Road,13.0161949,77.556284,0.32448021332409516,0.6266761280654478,0.27130903243489146
Tunganagara,12.985503,77.485068,0.4204071327468453,0.6239046335328086,
Uday Nagar,12.9908579,77.6718143,1.0085055281429915,0.09628394980509743,0.35424520269239823
Udaya Nagar,12.9963615,77.6724503,0.9813006623567564,0.03982560225507921,0.2896768292883118
Ullal Road,12.9553191,77.4935554,2.544921165173912,0.3998423852352031,0.2906989484897045
Ulsoor,12.9778793,77.6246697,0.2747246798005799,0.22036401024785057,0.25911441477800107
Upkar Layout,12.961396,77.4833965,1.6179567205814949,0.9058222356314617,0.07705983914545517
Uttarahalli,12.9055682,77.5455438,0.22746733735713195,0.15195997249396626,0.1694410044511424
V.V Puram,12.9500602,77.5768521,0.26136764022714054,0.23029667017451053,0.3312041696002005
Vaderahalli,13.0972541,77.5390599,,0.8900594975759833,0.2260132735176951
Vaishnavi Layout,13.0768415,77.5529965,0.43613771051502054,0.3724424526766487,0.565040477536087
Vajarahalli,12.8774369,77.5447414,0.7712959770494165,0.11932438767606292,0.045612137158961306
Varanasi,13.0304962,77.6860657,1.8301601353360306,0.40662372011123815,0.11774874057485814
Varthur,12.9406508,77.746988,0.062338097155049094,0.07420960473914587,0.056321567295039995
Varthur Road,12.9561094,77.7295768,0.8493124126329409,0.111295504517586,0.1403305063496017
"Varthur Road,",12.9561094,77.7295768,0.8493124126329409,0.111295504517586,0.1403305063496017
Vasantapura main road,12.8876583,77.5507012,0.9263871123010678,0.4643383628168489,0.37156562557589246
Vasanth nagar,12.9921738,77.591459,0.45746376365139874,0.4759907540261525,0.292784683292091
Vasanthapura,12.8894951,77.5596744,0.3862689399799207,0.25874344899601137,0.24806359197810154
Veer Sandra,12.8389813,77.6750305,1.3754973398002093,1.1221760872558748,0.21724845899868048
Veerabhadra Nagar,12.9682085,77.6823937,1.047826882506089,0.47446457268756,0.16643163062093197
Veerannapalya,13.0424788,77.613342,0.8350783012206179,0.6357764136003717,2.9349084506582703
Venkatadri Layout,12.9479007,77.6994103,0.9182246655655175,0.37268998933242103,0.18056321991633212
Venkatapura,12.8839153,77.47028,1.7170359165171452,1.6281155516320753,0.23364041122143575
Venkateshpuram,13.013003,77.6189465,0.8494823411016602,0.3336166507833136,0.25881444926455094
Venkateswara Nagar,13.04055,77.5569571,1.3166650714623493,0.5536484392138019,0.08919236053160501
Versova Layout,12.9838691,77.6684718,0.38544348074084156,0.32098293270936157,0.5013711629678715
Vibuthipura,12.9679839,77.6782243,1.0450310171231154,0.5242029300108855,0.37431908660885416
Victoria Layout,12.9656579,77.6142682,0.28001742850343125,0.13184962621733107,0.33212233772808936
Vidya Nagar,12.9842424,77.5865075,0.6187929361410335,0.6727651282307282,0.041912213229265444
Vidyaranyapura,13.0766407,77.5577315,0.08823235308569434,0.05685877383681459,0.055928298245679894
Vignana Nagar,13.0705989,77.5867134,0.9411708073433498,0.7914703133497715,0.6758191532656612
Vijay Nagar,12.9061307,77.5919954,0.24775131218865656,0.06420797801359997,0.363311472044336
Vijaya Bank Colony,12.8934265,77.6097166,0.25272427335534137,0.13300153559275382,0.7373326194517472
Vijaya Bank Layout,12.8822364,77.6138592,0.5632011725509645,0.13468146633086284,0.823237248450667
Vijayanagar,12.9709537,77.5373851,0.16281187862781038,0.04769131237625716,0.0021055621507858305
Vijinapura,13.0039028,77.6736303,0.21106365769005725,0.20425869857211235,0.4224271182673048
Vikram Nagar,12.8994971,77.5613308,0.6839175812429696,0.63966722821911,0.21256229390664658
Vimanapura,12.96218,77.6635462,1.524191750753964,0.3329561643704058,0.3030204466031416
Vinayaka Layout,12.9682111,77.5116639,1.2995112835258162,0.27884708471729164,0.10819673454092513
Vinayaka Nagar,12.9872184,77.5230958,1.603838809512996,0.7517299115089969,0.26149000286578944
Virat Nagar,12.9036108,77.6208615,0.08999446334539091,0.5238360808298419,0.6718641344789439
Virgonagar,13.0537687,77.7173308,,2.749776602256314,0.4298085337457471
Virupakshapura,13.0638109,77.5717581,1.1120763535348528,1.0656266148758375,0.44947064172718626
Vishwanatha Nagenahalli,13.036775,77.6036324,0.16604924275720143,0.26165057966022026,0.23610978632740856
Vittal Mallya Road,12.969538,77.594475,0.09078591232146042,0.4197142590274684,0.09039421444229713
Vittal Nagar,12.9012176,77.5550809,0.49584492612050923,0.6880589369092307,0.29418846776456054
Vittasandra,12.8699226,77.6272278,0.3692418156333539,0.9247880845075063,0.472493932785731
Vivek Nagar,12.9529247,77.6231374,0.2911312390117584,0.20595999089730918,0.15824695651292117
Viviani Road,13.0036422,77.6156972,0.2991198035857793,0.21487915300786395,0.12339453466660306
Vyalikaval,13.0042636,77.5751704,0.39419588916066967,0.1895963571890517,0.440347605210309
Weavers Colony,12.8454948,77.5831295,0.23972404403261377,0.14560468669858448,0.12345118661465308
West of Chord Road,12.9974416,77.550126,0.613268072064069,0.09047312732828826,0.11712677772061145
Wheelers Road,12.9995759,77.6230526,0.6964624376785682,0.15453440129698354,0.15007064165125217
Whitefield,12.9957428,77.7579489,1.1144729321489393,0.17048172625949445,0.013350138581150509
"Whitefield,",12.9957428,77.7579489,1.1144729321489393,0.17048172625949445,0.013350138581150509
Williams Town,12.9991567,77.6067556,0.5215818039407049,0.33245517442647493,0.2862658378783488
Wilson Garden,12.9489339,77.5968273,0.07285904995110502,0.1122522801896376,0.18603099933298137
Xavier Layout,12.9649574,77.6120795,0.2898916985186437,0.16173554002018847,0.19811224616465506
Yarandahalli,12.8087698,77.6673579,,1.5980515301103306,0.9905609773609868
Yediyur,12.9301531,77.5763445,0.10621816859648489,0.054149021379143944,0.3983409149431265
Yelachenahalli,12.9006508,77.569226,0.35737626811823914,0.6671793404545492,0.3626433746669698
Yelahanka,13.1006982,77.5963454,1.1101413730029868,0.08308136466696169,0.17259552282752655
Yelahanka New Town,13.0978039,77.5811889,0.1393603884017802,0.18831194414897867,0.3304606867096978
Yelenahalli,12.8646227,77.6081639,0.825280551731642,0.9536266738219541,0.9205026251346131
Yemlur,12.9438959,77.6783535,0.47841375016529397,0.09451101430011205,0.2951272468746654
Yeshwanthpur,13.0176937,77.5555009,0.37386532998327515,0.47867464572392443,0.19395800954755882
arudi,13.48395,77.4049643,,5.855403173175896,
ittamadu,12.9233593,77.5418698,1.0206396586495792,0.23086593618865012,0.15986536741775154
kanakapura main road,12.9421348,77.5768444,0.7156367711120106,0.13171183726337857,0.1786186217877667
kanakapura road,12.8622076,77.5303418,1.3512782086849493,1.3148971281446862,0.05034636334562481
manyata,13.0196646,77.6550064,0.6691563824465189,0.11332792166610813,0.08542262009786596
manyata park,13.0551983,77.62124,1.2484390562684984,1.036534906709224,0.3819140094443117
manyata tech park,13.0482891,77.6211004,0.8156199281859551,0.8333911988543331,0.7382401271292932
mvj engineering college,12.984887,77.7622799,0.7409516210116501,1.131988762836944,0.21336791845803504
poornaprajna layout,12.908823,77.535944,0.16483765180039037,0.19498287563528896,
rr nagar,12.9314733,77.5290964,0.6085096871896565,1.3180044239856747,0.41043325292157007
sapthagiri Layout,13.0368052,77.4960405,2.4812938144273717,1.097825375976259,0.1794693501441034
sarjapura main road,12.8757178,77.6721743,0.30455635152626337,1.609274418051981,0.10677291435522232
south,12.9287596,77.6287122,0.4371699107950877,0.3295947895128705,0.478226322535922
t.c palya,13.0160374,77.6910921,1.117556458024879,0.6212843141256551,0.7506781153970944
tc.palya,13.0226152,77.7057327,2.784675521057892,0.42967547985082527,0.07647402226403242
whitefiled,13.0318443,77.7618779,,0.23390320516348273,0.3389246320592702
