location,lat,lon,dist_to_school_km,dist_to_hospital_km,dist_to_transit_km,location_price
Electronic City Phase II,12.8473999,77.6724452,0.4003537691158839,0.6695947877797833,0.0713470995046223,0.030000000000000002
Uttarahalli,12.9055682,77.5455438,0.2274673373571319,0.1519599724939662,0.1694410044511424,0.04
Kothanur,12.8701259,77.5820178,0.2901253561555079,1.2046900818961757,0.1255652912582252,0.04913793103448276
Whitefield,12.9957428,77.7579489,1.1144729321489393,0.1704817262594944,0.0133501385811505,0.05645497311827957
Old Airport Road,12.9591061,77.6595688,1.2876293687156375,0.0536053412771556,0.0209077160408284,0.07254189498770633
Rajaji Nagar,12.9945063,77.554298,0.9169000511960156,0.0937969906036531,0.1635631137513544,0.13519222644697929
Marathahalli,12.9552572,77.6984163,0.6719239127411085,0.190113011289509,0.2419124009198896,0.05575771956466717
7th Phase JP Nagar,12.9119693,77.5882043,0.6719239127411085,0.27244649864545,0.1725955228275265,0.06505811773528308
Gottigere,12.8565317,77.5877237,0.2086520160197649,0.2313756564423799,0.1272264508838482,0.04217030158159343
Sarjapur,12.9694037,77.5870258,0.513245507673521,0.1753433216729026,0.0443651517984582,0.039831223628691986
Mysore Road,12.9467026,77.5300705,0.7109790178070446,0.4682574972882378,0.0059360569856146,0.04799253731343284
Raja Rajeshwari Nagar,12.932582,77.5162034,0.9759304408956934,0.1594975898310746,0.5154087829957453,0.041119360365505425
Ramakrishnappa Layout,12.9778951,77.5164792,1.6170914410500894,0.5265660189821747,2.378736265459641,0.11371841155234658
Manayata Tech Park,13.0454837,77.6266492,0.4577959008435539,0.3706294143495851,0.0626729797096005,0.04363636363636364
Thanisandra,13.0522499,77.6316152,0.4103630847737383,0.244729083276761,0.0479116314175673,0.05706625390419857
Bellandur,12.9320495,77.6842915,0.6719239127411085,0.27244649864545,0.1725955228275265,0.05202312138728324
Mangammanapalya,12.9075288,77.6350312,0.1031293833747597,0.4718491677692643,0.7086037511511709,0.05671077504725898
Electronic City,12.8487599,77.648253,0.5497991746984375,0.4916467010007277,0.7279636356232001,0.04500422650960748
Ramagondanahalli,12.9558969,77.7405826,1.069675812437609,0.1070240573362368,0.1305269766110204,0.04477611940298507
Yelahanka,13.1006982,77.5963454,1.1101413730029868,0.0830813646669616,0.1725955228275265,0.05074990943122812
Hebbal,13.0382184,77.5919,0.7863823345646925,0.1236876912510814,0.3075766141575576,0.07096774193548387
Kasturi Nagar,13.0015277,77.6512362,0.5432022852901733,0.7088322872416989,0.6359952869577619,0.05994550408719346
Kanakpura Road,12.8856913,77.5526564,0.9963963823531752,0.359091638722918,0.0973468545381832,0.05
Electronics City Phase 1,12.8401734,77.6595099,1.2771586723358812,0.2949821891085972,0.0976455973631153,0.0478037493150808
Kundalahalli,12.977594,77.7155586,0.884085752213232,0.567895273741003,0.0604285081728594,0.07431572533564651
Chikkalasandra,12.9121916,77.5476337,0.4139509772357904,0.2664041276046013,0.2722963169900159,0.04349767441860465
Murugeshpalya,12.9589406,77.6555917,0.8910043150551071,0.1378728066984868,0.0639733688907676,0.04932249322493225
Sarjapur  Road,12.9244884,77.6451418,0.5500515300656763,0.3337970172861007,0.2288940070894062,0.05733944954128441
Ganga Nagar,13.0232471,77.5883569,0.888328840491725,0.2225098875426148,0.2863167340778583,0.0650887573964497
Doddathoguru,12.8505644,77.6466948,0.674474501860267,0.4616742612433213,0.8315226258095125,0.035326086956521736
KR Puram,13.007516,77.695935,1.2063438008359872,0.0725318111449869,0.1011381963899148,0.04285714285714286
Himagiri Meadows,12.8963003,77.5894113,0.0919719520662207,0.5396536648685539,0.3989533862685349,0.12962962962962962
Adarsh Nagar,13.0305452,77.609433,0.6719239127411085,0.27244649864545,0.1725955228275265,0.03937007874015748
Begur Road,12.8742536,77.6260073,0.0564740136609505,0.4261364523608231,0.0426900671248846,0.037
Devanahalli,13.142344,77.7339688,0.6719239127411085,1.284534894489931,0.5108250171089255,0.04957893110415594
Govindaraja Nagar Ward,12.9755632,77.5367385,0.4601225816958452,0.0625211857120955,0.4858837236921025,0.09793956043956044
Tharabanahalli,13.101684,77.4798441,0.6934241797040022,2.2134300271851246,0.1009169660817737,0.05400430570505921
Varthur,12.9406508,77.746988,0.062338097155049,0.0742096047391458,0.0563215672950399,0.04433239821063007
Bommanahalli,12.9034581,77.6230028,0.6719239127411085,0.27244649864545,0.1725955228275265,0.0447495894909688
Gunjur,12.9209772,77.7361016,2.539901700176744,0.1502491067810663,0.0432678343082523,0.040034698390909784
Hegde Nagar,13.0720352,77.6333905,1.382944725422289,0.2177405617129972,0.0355851745103119,0.06673672921142565
Haralur Road,12.9018012,77.6641767,1.3909299035710845,0.8326963261355745,1.3074632901104353,0.04979919678714859
Hennur Road,13.0351224,77.631944,0.2765531953436611,0.2961596190679827,0.3357653297815484,0.05853658536585366
Kalena Agrahara,12.8658068,77.5911918,0.5611288741900337,0.8962946840072035,0.0698589335179441,0.050827814569536424
Cholanayakanahalli,13.0364498,77.5975272,0.4207851795189184,0.6466700111719517,0.0386375919669187,0.06987179487179487
ISRO Layout,12.8974283,77.5573828,0.4088363045715394,0.7429662978498007,0.1866650183045283,0.06
Garudachar Palya,12.9899098,77.7011259,1.739069668768504,0.3322321050967139,0.4419202723307703,0.04591304347826087
EPIP Zone,12.9781922,77.7246451,0.0445328967272574,0.2561666460342068,0.1543015947869913,0.06804536357571714
Dasanapura,12.7467724,77.7742876,2.8042632384941397,1.5804499098115483,2.7686573650580377,0.051597051597051594
Kasavanhalli,12.9047595,77.6759172,2.2843970189080567,0.2078463463142163,0.0136086158689195,0.05782060785767235
Sanjay nagar,12.9578658,77.6958748,0.7629447133998302,0.3149495935342058,0.1928261321293142,0.07954545454545456
Mysore Highway,12.8822917,77.4479257,2.488785686641193,2.151307104242227,0.3685974848532299,0.04827586206896552
Domlur,12.9624669,77.6381958,0.4041152176117952,0.262058660005068,0.1086592570255002,0.08333333333333333
Kengeri,12.9176571,77.4837568,0.4503921372896056,0.3716515779443523,0.1561736051709742,0.04223540946028984
T Dasarahalli,13.0450201,77.5076896,2.286667141615597,0.1682002609558339,0.5043141849617998,0.10625000000000001
Yeshwanthpur,13.0176937,77.5555009,0.3738653299832751,0.4786746457239244,0.1939580095475588,0.055251315783549665
Chandapura,12.8009043,77.7114908,2.2049248881111088,0.129175824605253,0.2517187885669928,0.027004878048780486
Green View Layout,13.0052377,77.6492182,0.1056793183169299,0.5798244880367653,0.1804435876702554,0.040594059405940595
Shantiniketan Layout,12.8824524,77.6024627,0.2041962902497417,0.5226700664503133,0.5527872448547392,0.052123552123552123
Peenya,13.0330515,77.5332233,0.6206590321161664,0.9324745827687104,0.0043561736232869,0.06756756756756757
Nagarbhavi,12.9512353,77.519054,0.7881468673794932,0.5196799955806761,0.1790219239819533,0.0761904761904762
Jalahalli West,13.045979,77.5222447,1.2618800609677154,0.8208589125456504,0.750648859658692,0.0496
Byatarayanapura,13.068322,77.591006,0.6390503863790468,0.5229787545111656,0.2904150118814682,0.0719706259905481
Ramamurthy Nagar,13.0120218,77.6777817,0.7012545493049456,0.1005038444793955,0.1340673492662811,0.056666666666666664
Malleshwaram,13.0027353,77.5703253,0.2143519029451255,0.1013357314468058,0.0943480474278475,0.12455009698364033
Akshaya Nagar,13.0195427,77.6831272,0.6719239127411085,0.27244649864545,0.1725955228275265,0.05144467935165609
Shampura,13.0309565,77.6111581,0.627610324960466,0.3289322759884024,0.2560862573611048,0.051440677966101696
Kadugodi,12.9957428,77.7579489,1.1144729321489393,0.1704817262594944,0.0133501385811505,0.056842105263157895
LB Shastri Nagar,12.9660384,77.6708961,1.5732036233341649,0.1784131901123171,0.7385926001419972,0.0481203007518797
Vajarahalli,12.8774369,77.5447414,0.7712959770494165,0.1193243876760629,0.0456121371589613,0.05648211437685122
Kudlu Gate,12.8899174,77.6396808,0.1418802297277,0.4923916101664887,0.0504332177791086,0.05537459283387622
8th Phase JP Nagar,12.9104062,77.5951099,0.6719239127411085,0.27244649864545,0.1725955228275265,0.04471947194719472
Bommasandra Industrial Area,12.8137512,77.6953367,2.4011759281746454,0.7203121209554268,0.8298539530993914,0.028880366972477065
Chandra Layout,12.955333,77.5238903,0.7238562311077406,0.3231000193871265,0.1806097759441346,0.08426966292134831
Anandapura,13.0239276,77.6923621,0.6719239127411085,0.27244649864545,0.1725955228275265,0.046077271399357286
Kengeri Satellite Town,12.9229728,77.4842926,1.02066683482025,0.109134829201366,0.1300462809805596,0.041330212323260986
Basavanapura,13.0093485,77.7108379,0.6719239127411085,0.27244649864545,0.1725955228275265,0.03564459665144597
Kannamangala,13.0154819,77.7631515,1.429319726136114,1.0310777560740665,0.2849821535106997,0.057942708333333336
Devarachikkanahalli,12.8931539,77.6219724,0.2361360557477875,0.2418815970480645,0.4494674896338274,0.042114695340501794
Sanjeevini Nagar,12.9162546,77.5891812,0.1712180968464067,0.3897447647072238,0.0814818072165405,0.08407871198568873
Hulimavu,12.8773486,77.6028031,0.0268068954878658,0.7976716289728175,0.0359826059281747,0.05258964143426295
Mahalakshmi Layout,13.0113153,77.5446972,0.2374027662924826,0.4081989036260679,0.0950670862772034,0.11682539682539683
Yarandahalli,12.8087698,77.6673579,0.6719239127411085,1.5980515301103306,0.9905609773609868,0.035555555555555556
Hosa Road,12.8704543,77.6539943,0.0632104157827673,0.108222686543166,0.0350299728216249,0.04979919678714859
Keshava Nagar,12.9598176,77.5335655,0.2321090363917142,0.0,0.156527057587764,0.08239947264337508
RMV Extension,13.0356488,77.574775,0.4608208820850388,0.0575738931792843,0.1673418787107752,0.05214723926380368
Tejaswini Nagar,12.8601269,77.6053051,0.4819241757440126,0.6049529198224654,0.6210184176952032,0.045464725643896975
Jai Bheema Nagar,12.9194294,77.6169759,0.1093159359689842,0.3309250665921279,0.0086774698945922,0.044347238521995805
CV Raman Nagar,12.9855509,77.668072,0.5135454893207373,0.27244649864545,0.4525172465285159,0.05099276337321357
Hebbal Kempapura,13.050194,77.6075951,0.4143675043809562,0.4209503422252091,0.2082493790267141,0.09117647058823529
Vijayanagar,12.9709537,77.5373851,0.1628118786278103,0.0476913123762571,0.0021055621507858,0.06657184682109585
8th block Koramangala,12.9287596,77.6287122,0.6719239127411085,0.27244649864545,0.1725955228275265,0.16251354279523295
Jakkuru Layout,13.0763895,77.6057269,2.1604536679678006,0.5649504594747153,0.1027976739253339,0.045
Pattandur Agrahara,12.9876393,77.7377718,0.851841059365923,0.6283640539606055,0.0687572895657852,0.05
Ejipura,12.945245,77.6274776,0.1528011289535298,0.5929921369418859,0.2084721331519055,0.06594202898550725
HSR Layout,12.9116225,77.6388622,0.3759611716599876,0.3075278370674322,0.1294634386203708,0.048913662149086476
Nagasandra,13.0479536,77.5001422,2.612262659107349,0.4899815963505483,0.1954930421846646,0.06659287531806615
Langford Town,12.957998,77.6037312,0.2655519170530348,0.8272948084593617,0.2657066140212644,0.08081261733669969
Kogilu,13.1067228,77.6173956,2.098973134389521,1.224796341356449,0.2827542119610424,0.04443929824561403
Panathur,12.9351457,77.7047541,1.3522923878737512,0.1539823729039149,0.1818633163630239,0.06294820717131475
Nagondanahalli,12.97516,77.7703403,0.7765513150713883,2.070051434549789,0.1112334976615704,0.04065763441937342
Padmanabhanagar,12.9181024,77.5576638,0.1605013055041436,0.2009372214712971,0.0593123300630777,0.061764705882352944
1st Block Jayanagar,12.9182966,77.5741528,0.6719239127411085,0.27244649864545,0.1725955228275265,0.11983805668016194
Kammasandra,13.079198,77.7136366,0.6719239127411085,0.27244649864545,0.9154375970634976,0.03517331266732422
"Off Sarjapur Road,",12.9098432,77.6878366,1.1331386661798992,0.5618084014786834,0.239922303159473,0.050818260120585705
Dasarahalli,13.0432607,77.5125535,1.7313182787652242,0.1543951359317859,0.0600736666773163,0.05081967213114754
Magadi Road,12.975608,77.5553564,0.2292305088560362,0.1713099652467612,0.0027054036356794,0.046499578770008425
Ngef Layout,12.9592694,77.5093895,0.9305482872424012,0.2047945012860093,0.1064009151565139,0.1125618374558304
Koramangala,12.9357366,77.624081,0.2675297796352062,0.1653487625354119,0.1165363339309041,0.08865566037735849
Dommasandra,12.8777098,77.7534769,0.6719239127411085,0.1934770482984424,0.1921957340920323,0.0317133202902806
Budigere,13.1424106,77.7340989,0.6719239127411085,1.274730303566862,0.5223279199956383,0.0499540018399264
Mylasandra,12.9160293,77.497544,1.0498796000124415,1.0161892069486165,0.7629386641427629,0.04954954954954955
Kalyan nagar,13.0221416,77.6403368,0.8968727819698661,0.0721067887798438,0.3293062580064786,0.05425709515859766
Bank Of Baroda Colony,12.893481,77.5837404,0.6719239127411085,0.27244649864545,0.1725955228275265,0.13703703703703704
Ashwath Nagar,12.9619639,77.6988922,0.6719239127411085,0.27244649864545,0.1725955228275265,0.05121951219512195
Ncpr Industrial Layout,12.9859833,77.7128318,0.6052882179814117,0.7155544153890304,0.3342269754954433,0.05642023346303502
OMBR Layout,13.0082113,77.652778,0.5757179210946703,0.2297794950557985,0.0418216000410688,0.06160855749163695
Anand Nagar,13.0346991,77.5944561,0.6719239127411085,0.27244649864545,0.1725955228275265,0.1393195512977727
Kundalahalli Colony,12.9706554,77.7115645,0.4773438374284263,0.5845185438367684,0.0965078663312472,0.05390625
Horamavu Agara,13.0367725,77.6549479,1.3326673210533737,0.6812113408996388,2.8986046010866473,0.03847918171503653
MCECHS  layout,13.0725802,77.6152451,2.4234851466555427,1.2674877205147277,0.4600851017448817,0.043333333333333335
Coffee Board Layout,13.0503251,77.6060803,0.2732342094256822,0.3240429212688466,0.2386492320520988,0.051473891715949203
Ambedkar Nagar,12.9798531,77.7541055,0.6719239127411085,0.27244649864545,0.1725955228275265,0.06564006771350184
Attibele,12.7751249,77.7709216,0.6719239127411085,0.27244649864545,0.1725955228275265,0.03817252510760402
KUDLU MAIN ROAD,12.8921814,77.6483362,0.4662258461567119,0.4024894754645247,0.2914893179977559,0.03825136612021858
Geleyara Balaga Layout,13.0712823,77.5061497,1.3196191264965649,0.6169430439591516,0.0200894703521156,0.03702780441035475
Sundara Nagar,12.97293,77.6151399,0.5478699206392824,0.4827205252609569,0.1632562964907549,0.12222222222222222
Balagere,12.9377243,77.7280705,0.6719239127411085,0.27244649864545,0.1725955228275265,0.06389757024236296
Jigani,12.7764978,77.6326204,0.6719239127411085,0.4225690249010627,1.1974502221048098,0.05323505323505324
Srirampura,12.9964948,77.5632993,0.7182505424304229,0.4316586186751059,0.0116636461960966,0.07967380410022779
Old Madras Road,13.0069152,77.6882534,0.3938088976754101,0.4502325198385685,0.3637607340242174,0.05717131474103586
Kaggadasapura,12.9812262,77.6745845,0.646798793911414,0.3209877806589806,0.5136258206317895,0.043
Silver Springs Layout,12.9582324,77.7098778,0.5416231226369274,0.163594859091487,0.2261984301205017,0.04280795355724258
9th Phase JP Nagar,12.9110032,77.5788747,0.6719239127411085,0.27244649864545,0.1725955228275265,0.048109965635738834
Jakkur,13.0784743,77.6068938,2.422881161415774,0.8241615020057301,0.1216825084790213,0.061969914040114614
TC Palaya,13.0105743,77.6932572,0.9563849880311064,0.0610133292415858,0.2371431196940018,0.055
Maruthi Sevanagar,13.0027048,77.6346165,1.2297231287104318,0.0809281961695375,0.7840691543795879,0.08984375
RMV 2nd Stage,13.0360109,77.5695288,1.0285946577403429,0.2301682947753185,0.2479091799370716,0.1351625213843927
Singasandra,12.8787382,77.642089,0.4935818479119592,0.3720611817357301,0.3575757014792725,0.04749787955894826
AECS Layout,12.964118,77.7130369,0.6719239127411085,0.27244649864545,0.1725955228275265,0.05092592592592592
Mallasandra,13.0548302,77.5155741,2.4592409808990885,0.6787299500957701,0.5584357386846475,0.052198198198198195
Begur,12.8633887,77.6130112,0.5668539393216505,1.0187460727697344,0.5900174913274432,0.045801393955468214
JP Nagar,12.9096941,77.5866067,0.5538147890196375,0.2826771451243934,0.0885996194616161,0.05466666666666667
Malleshpalya,12.9744129,77.6743533,0.6633319534919848,0.1248387878290171,0.4079732980149955,0.04752851711026616
Kodathi,12.8905129,77.7133427,1.29729958960531,2.3827254204468664,0.9617959040402824,0.03049370764762827
Kaval Byrasandra,13.0200235,77.6092887,0.948370139736374,0.2754779248766035,0.1735195109508546,0.051594746716697934
Kaggalipura,12.8089587,77.5097006,0.6719239127411085,0.4895602234017572,0.3374796360046919,0.05381602587136184
Basavanna Nagar,12.9887336,77.7204129,0.6719239127411085,0.27244649864545,0.1725955228275265,0.05990986269783041
6th Phase JP Nagar,12.9071324,77.5734008,0.6719239127411085,0.27244649864545,0.1725955228275265,0.06779661016949153
Ulsoor,12.9778793,77.6246697,0.2747246798005799,0.2203640102478505,0.259114414778001,0.09411764705882353
Thigalarapalya,13.0170955,77.4829741,2.7577846097606304,0.9131005867298166,0.1725955228275265,0.07380609532248877
T.C PALYA,13.0160374,77.6910921,1.117556458024879,0.6212843141256551,0.7506781153970944,0.06097560975609756
Muneshwara Nagar,13.0052451,77.7132511,1.368722120086676,0.1374082596602313,0.3734792288684772,0.04066604127579737
Basaveshwara Nagar,12.9932739,77.5388099,0.6719239127411085,0.27244649864545,0.1725955228275265,0.08558479532163743
Bull Temple Road,12.954905,77.5674402,0.3948393829383012,0.0218025043427558,0.1745971414578207,0.05400430570505921
Bommasandra,12.8160161,77.6892217,2.992311219891365,1.0929517272984866,0.3785562442633366,0.03929173508483853
Prashanth Nagar,12.9776188,77.5313254,0.2680808656145407,0.1809433208006084,0.2068048453442681,0.14814814814814814
Ardendale,13.0261749,77.766388,0.6719239127411085,0.27244649864545,0.1725955228275265,0.05718954248366013
Harlur,12.9058923,77.675465,2.1541483626810844,0.150202076794886,0.123281214930083,0.06643952299829642
Sampigehalli,13.0805925,77.6291328,2.136854014436101,0.6635562954949952,0.5155175223891835,0.050833333333333335
RMV,13.0360109,77.5695288,1.0285946577403429,0.2301682947753185,0.2479091799370716,0.19125
Bagalur Main Road,13.1302377,77.6664452,0.6719239127411085,0.27244649864545,0.1725955228275265,0.08333333333333333
Kodihalli,12.9635497,77.6460411,0.2641434516488122,0.2476718382881742,0.4051581314440208,0.104
Narayanapura,13.0716969,77.6193949,2.286663153661873,1.474189882653001,0.1725955228275265,0.057276198557488334
Bannerghatta Road,12.9426506,77.6027253,0.6719239127411085,0.27244649864545,0.1725955228275265,0.054708520179372194
Hennur,13.037077,77.6413572,0.3170708393967492,0.0449268208608158,0.0553197745235349,0.045816733067729085
5th Phase JP Nagar,12.9010682,77.5859397,0.6719239127411085,0.27244649864545,0.1725955228275265,0.049999999999999996
Gopalapura,12.9806131,77.5581149,0.1762480131601675,0.2662074903966074,0.5972415611463467,0.12381714818800962
Jalahalli,13.0394104,77.5197351,0.8441548182890415,0.5728013843657863,0.1224645899222091,0.06265822784810127
Mahadevpura,12.9968412,77.6928386,1.5207391917212452,0.1029311098215524,0.032080537280972,0.046947194719471945
Anekal,12.7836552,77.7461411,0.6719239127411085,0.27244649864545,0.1725955228275265,0.0345102281667978
"Hoodi Circle,",12.9919623,77.7154228,0.2180536946492282,1.279008330688752,0.0277199927462499,0.04823324476338686
Sompura,12.8778283,77.4972385,2.7172827999626743,2.805778242439059,0.06633469434453,0.039767441860465116
Ashirvad Colony,12.9398513,77.5740326,0.6719239127411085,0.27244649864545,0.1725955228275265,0.04484478935698448
Dodda Nekkundi,12.9725581,77.692858,0.763600033601192,0.2204896584641663,0.1872595431663464,0.04371599203715992
Hosur Road,12.910142,77.6270827,0.2329830559012165,0.0590782726111296,0.0840658906413644,0.06098283007696862
Battarahalli,13.015119,77.7094485,2.539528259727921,0.5130363948039008,0.1194633788993419,0.0502812421513401
Gokula Extension,13.0058913,77.5791562,0.136992239372344,0.157053355907313,0.0666708891150523,0.10505952380952381
Kamakshipalya,12.9858669,77.5331755,0.7986817255048374,0.1516436846990155,0.2916209268065705,0.0733175079127103
Sultan Palaya,12.9639079,77.5687792,0.3438611562866863,0.4036862139012211,0.0270904262857787,0.06442021803766106
Ambalipura,12.9173303,77.667161,0.6719239127411085,0.27244649864545,0.1725955228275265,0.05930930930930931
Hoodi,12.9959233,77.7192796,0.3892118110996679,1.0030747810000276,0.0340530115309367,0.055714285714285716
Brookefield,12.9652094,77.717936,0.3008872575702131,0.0373992687883322,0.0310786415038237,0.05992957746478873
Yelenahalli,12.8646227,77.6081639,0.825280551731642,0.953626673821954,0.9205026251346132,0.03835625
Richmond Town,12.963555,77.6015856,0.5015668300732825,0.2474399159867237,0.3251300371828557,0.09985207100591716
Suddaguntepalya,12.931045,77.6098888,0.1218229854434826,0.4794187738039972,1.5952006904274874,0.03929824561403509
Vittasandra,12.8699226,77.6272278,0.3692418156333539,0.9247880845075064,0.472493932785731,0.053418803418803416
Thippasandra,12.973936,77.6509982,0.0423899006076371,0.0965293194211549,0.1529954342656829,0.10606060606060605
Chikkabidarakallu,13.0523616,77.4879154,2.138947769989996,1.7980967428762735,0.0200418266531437,0.09821698398307646
Defence Colony,12.976171,77.6435315,0.2076564362826677,0.1066815420677881,0.3438452747575238,0.13035714285714287
2nd Stage Nagarbhavi,12.9512353,77.519054,0.6719239127411085,0.27244649864545,0.1725955228275265,0.1875
Vidyaranyapura,13.0766407,77.5577315,0.0882323530856943,0.0568587738368145,0.0559282982456798,0.04909090909090909
Amruthahalli,13.0648426,77.5993429,0.6719239127411085,0.27244649864545,0.1725955228275265,0.048701298701298704
Kodigehalli,13.0031666,77.7272835,1.3341155333896064,1.1570131214671862,0.0755353883224196,0.0790406924325299
Ring Road Nagarbhavi,12.9605743,77.5127492,0.6168618785384404,0.1386985795851188,0.0443524824645863,0.04895833333333333
NS Palya,12.9089511,77.6035005,0.1026234328427204,0.1845914693380826,0.0383114590561293,0.08
Subramanyapura,12.8992578,77.5321721,1.136546111340634,0.8850959120596756,0.5123876054084918,0.05489773950484392
Basavangudi,12.9421868,77.5742576,0.6719239127411085,0.27244649864545,0.1725955228275265,0.09904761904761905
3rd Block Hrbr Layout,13.0255533,77.6313982,0.6719239127411085,0.27244649864545,0.1725955228275265,0.07896270396270397
Bank Avenue,13.0225678,77.6527986,0.6719239127411085,0.27244649864545,0.1725955228275265,0.0495
Surabhi Layout,13.0930374,77.6002443,1.6877638795426049,0.5683983973454702,0.0797794261506827,0.05979522117927709
Banjara Layout,13.0383011,77.6652515,0.6719239127411085,0.27244649864545,0.1725955228275265,0.061714285714285715
Omkar Nagar,12.89,77.5973052,0.6951005885633506,0.1183360558757526,0.0712594278805898,0.04927777777777778
Kereguddadahalli,13.0794507,77.5155027,2.5272249055677523,0.9809704147769334,1.1930317428081252,0.03306451612903226
Maragondanahalli,13.0376489,77.6922232,1.639580594345309,1.3553045998863238,0.1725955228275265,0.052054794520547946
Silk Board,12.9167139,77.6214094,0.4856457828163513,0.2358501759563697,0.0359537407042091,0.04250592334494774
Kada Agrahara,13.0815052,77.69505,0.6719239127411085,0.27244649864545,0.380248871889885,0.0374331550802139
Kambipura,12.8822711,77.4606466,1.8098256820534289,1.5381636044527405,0.2098459212553741,0.0443213296398892
BHEL Layout,12.9184375,77.5092496,0.6719239127411085,0.27244649864545,0.1725955228275265,0.13333333333333333
Medahalli,13.0278454,77.7206079,0.6719239127411085,1.0953393013345307,0.1708764723355801,0.03535353535353535
Kashi Nagar,13.0084602,77.6609259,0.3042304962532791,0.3191923656913808,0.3036283521331368,0.03529411764705882
Sector 7 HSR Layout,12.9093675,77.6407794,0.4203904392308081,0.358826247340909,0.1740502984918539,0.0850042992261393
Ittamadu,12.9233593,77.5418698,1.0206396586495792,0.2308659361886501,0.1598653674177515,0.0625
Rajiv Nagar,13.0529919,77.5842533,1.2356090561938042,0.6030273866895369,0.6758674863599148,0.06837606837606838
Gattahalli,12.8685628,77.7026913,2.5061358666131373,0.27244649864545,0.8272711796475193,0.04915322580645161
Arekere,12.8872086,77.5960493,0.6719239127411085,0.27244649864545,0.1725955228275265,0.052123552123552123
Mico Layout,12.9129858,77.6037799,0.1269519513961517,0.0348839091427578,0.389468007187397,0.041935483870967745
7th Block Jayanagar,12.92375,77.5742597,0.6719239127411085,0.27244649864545,0.1725955228275265,0.17
2nd Phase JP Nagar,12.9107357,77.5829631,0.6719239127411085,0.27244649864545,0.1725955228275265,0.0732142857142857
Kammanahalli,13.0148544,77.6382029,0.4534203713407507,0.2618934398656549,0.1594355321258847,0.06823275862068966
K G Colony,13.027497,77.5869989,0.4802024486743761,0.0780704811270323,0.0885559001067296,0.03125
Banashankari,12.9278196,77.556621,0.6719239127411085,0.27244649864545,0.1725955228275265,0.059565551325719626
Herohalli,12.9912345,77.4870119,0.9421742315384448,0.9492104024478928,0.0975577404593457,0.07916666666666666
HRBR Layout,13.0141515,77.6340564,0.8989051941717641,0.0874659822359541,0.2027553389563591,0.06914119359534207
Ashwini layout,12.9396583,77.6288969,0.6719239127411085,0.27244649864545,0.1725955228275265,0.06087716034069296
Marathalli bridge,12.9563664,77.7069965,0.4871133592560694,0.2125668759087827,0.1966447419164604,0.07772020725388601
Dooravani Nagar,12.9947771,77.676929,1.097700361699321,0.3785460313245309,0.5661372802290995,0.06578947368421052
JCR Layout,12.933134,77.7043284,1.5720181798855726,0.3792838075270575,0.3814167588872861,0.03526643775569842
Nehru Nagar,12.9829907,77.5744995,0.8129287736298327,0.3522910287387797,0.1372302855063105,0.04937436027884272
Kanakapura,12.9189383,77.5739265,0.3882381613109325,0.1760029073445472,0.1252950229835552,0.04701141705842848
Sneha Colony,12.9987826,77.6177648,0.2243775375937844,0.0870545375617732,0.2066471009985727,0.07023809523809524
Konanakunte,12.8792861,77.5697529,0.1686701130671464,0.586149661122673,0.242689101932724,0.07744983876746686
Hosapalya,12.8974222,77.6496873,0.2191015455143994,0.832949708544551,0.2244287295394808,0.094
Doddagubbi,13.0720681,77.6683289,2.703518825779099,2.555830254248299,0.6242436730288617,0.06222222222222222
Sector 6 HSR Layout,12.9156177,77.6347321,0.2636537319230709,0.0283033842067878,0.0665989178186072,0.11964912280701755
ITI Layout,12.9665733,77.5016708,1.9891076518704296,0.1537021920332199,0.153217684103594,0.05796699174793698
R.T. Nagar,13.0254156,77.5960071,0.3705923731324917,0.1368004962649884,0.1607355940841766,0.07727272727272727
Tumkur Road,13.0161949,77.556284,0.3244802133240951,0.6266761280654478,0.2713090324348914,0.06305170239596469
Vasanthapura,12.8894951,77.5596744,0.3862689399799207,0.2587434489960113,0.2480635919781015,0.03500440528634361
Hosahalli,12.9660431,77.5414979,0.0612547835261632,0.1253249738386787,0.2017271115720119,0.05090909090909091
GM Palaya,12.974779,77.6654084,0.7406277178645391,0.0816753577410524,0.1285503558553249,0.04563709619563582
Jalahalli East,13.0578317,77.5462216,0.924116936181678,1.4531790971832603,2.4262337810871397,0.05148514851485148
Hosakerehalli,12.9299371,77.5374237,0.3330033220489224,0.4420964862333945,0.1924402869210786,0.09666666666666666
Huskur,12.8607674,77.7071019,2.3592963355294545,0.27244649864545,0.2173839973935279,0.02887821701199564
Indira Nagar,12.9732913,77.6404672,0.1313417961324739,0.2364411182275815,0.066302430776592,0.11593220338983051
Shanthala Nagar,12.9714173,77.5994394,0.482139527628219,0.4390559028194807,0.4218333434650697,0.13125850784119938
Teachers Colony,12.9188265,77.6341185,0.2066421156855641,0.1593186714116462,0.2654943293842475,0.05703703703703704
Srinivasa Nagar,12.9877574,77.5378544,0.2577706860420363,0.1759889439082334,0.0609548461477038,0.05819491525423729
Kodichikkanahalli,12.8966996,77.6124269,0.2217281762657111,0.2632316869346831,0.6305082102936035,0.044649730561970746
Ambedkar Colony,12.9708934,77.6951918,0.6719239127411085,0.27244649864545,0.1725955228275265,0.09706083390293917
Varthur Road,12.9561094,77.7295768,0.8493124126329409,0.111295504517586,0.1403305063496017,0.0420398406374502
Avalahalli,12.9459464,77.5409354,0.6719239127411085,0.27244649864545,0.1725955228275265,0.05549872122762148
Prakruthi Nagar,13.0978966,77.6157367,2.0943975072731167,1.102955114819291,0.2871918122906852,0.04838709677419355
Sadaramangala,12.9989026,77.7375086,0.4115142266370499,1.365241057153577,0.1112863871150596,0.04325453758739268
Anjanapura,12.8601312,77.5540587,0.6719239127411085,0.27244649864545,0.1725955228275265,0.042105263157894736
Abbigere,13.0784176,77.5245316,0.6719239127411085,0.27244649864545,0.1725955228275265,0.04093081761006289
Tindlu,13.0750074,77.5673264,1.1293036438987667,0.6129778785315034,0.1577311386516367,0.05238095238095238
B Narayanapura,12.9980556,77.6848622,0.6719239127411085,0.27244649864545,0.1725955228275265,0.04803921568627451
Green Garden Layout,12.8727237,77.6451233,0.6433027210657665,0.1091579386507322,0.5515524902558565,0.0430622009569378
Gubbalala,12.8856635,77.5416809,0.339025457075945,0.6321005737064433,0.012932822200589,0.05576572092251535
Dairy Circle,12.9371279,77.6017492,0.2332795823900053,0.4837233543105741,0.0454691923871817,0.11636884930748982
Parappana Agrahara,12.8802088,77.6658442,0.2221101015040528,1.1478489151617226,0.669251666654771,0.038944723618090454
KSRTC Layout,12.9128386,77.5934931,0.2854240080511525,0.2324193256923957,0.2233019142832609,0.052083333333333336
New Gurappana Palya,12.9242342,77.6041393,0.0,0.1896767073847107,0.4021613181004693,0.065
Palanahalli,13.1163349,77.6146643,2.935890482913863,0.5679779905131839,0.6473574530367038,0.12147764851935489
Kudlu,12.8889126,77.6555716,0.7560662488900936,0.5476723874756205,0.710458599490456,0.04440104166666667
Shivanagar,12.9865226,77.5494848,0.1585654641906176,0.0508283055389894,0.033528851114417,0.16
V.V Puram,12.9500602,77.5768521,0.2613676402271405,0.2302966701745105,0.3312041696002005,0.09063133528733251
Banashankari Stage VI,12.8849238,77.5154846,0.6719239127411085,0.27244649864545,0.1725955228275265,0.05040758959943781
HMT Layout,13.0276524,77.5921251,0.7454977598018973,0.1902843438750744,0.2211784653047096,0.0497737556561086
Cox Town,12.9934858,77.6251081,0.60319011118862,0.4722387692690605,0.1617656445050666,0.09375
Kalasipalya,12.9584549,77.5808236,0.3486974859100649,0.2456574381597287,0.3892243925933505,0.16
Kathriguppe,12.929217,77.549692,0.7272082591558665,0.1827508749710677,0.2221251436557788,0.056502008032128515
Yelahanka New Town,13.0978039,77.5811889,0.1393603884017802,0.1883119441489786,0.3304606867096978,0.05197149047746635
Sahakara Nagar,13.0621474,77.5800614,1.058389493652261,0.7788420229890425,0.3797750645631743,0.06661115736885928
manyata park,13.0551983,77.62124,1.2484390562684984,1.036534906709224,0.3819140094443117,0.0468910741301059
Rachenahalli,13.0588586,77.6232576,1.084068787661565,1.0315316936979175,0.1023443947961453,0.04961904761904762
Sadashiva Nagar,13.0110193,77.5808641,0.22947715411048,0.2175651162359071,0.2723567106926853,0.1728263759638394
Yelachenahalli,12.9006508,77.569226,0.3573762681182391,0.6671793404545492,0.3626433746669698,0.058881578947368424
Shirdi Sai Layout,12.9135912,77.6067733,0.2079787691459836,0.0295650227187636,0.3242817933695167,0.06117988505747127
Bendiganahalli,13.0683794,77.7582582,0.6719239127411085,0.27244649864545,0.1725955228275265,0.07083333333333333
Hosakerehalli Layout,12.934592,77.5423407,0.2957397346376766,0.1403131963679384,0.1139420381537901,0.05925925925925926
Hennagara,12.7906876,77.6741161,0.6719239127411085,2.8798222282970323,2.992521913132861,0.06701093560145809
Ferrar Nagar,13.1164358,77.5642942,1.2716730723605147,1.2309168516510016,0.4355637446119848,0.07838983050847458
Green Glen Layout,12.9269039,77.6701877,0.7614436734548857,0.0325149323321965,0.4184565647150084,0.06696234724892997
Thubarahalli,12.9547872,77.7213154,1.1580769902968089,0.0307446329714338,0.1287334930979531,0.05844155844155844
M.G Road,12.9726546,77.6183454,0.2969459955992105,0.3502813936260647,0.118313634927082,0.16
Naganathapura,12.8755868,77.6673054,0.3727228129193223,1.4150375108029138,0.2505047746833327,0.04986400725294651
Basavanagara,12.900973,77.4671249,0.6719239127411085,0.27244649864545,0.1725955228275265,0.049019607843137254
Horamavu Banaswadi,13.0190926,77.6556774,0.5829472441147118,0.1695023691082454,0.03648279303578,0.040968342644320296
1st Phase JP Nagar,12.9114349,77.5992958,0.6719239127411085,0.27244649864545,0.1725955228275265,0.0775691699604743
Kaverappa Layout,12.9367886,77.6980587,1.1575655617854848,0.223111285625684,0.5803212089457007,0.058300395256917
sapthagiri Layout,13.0368052,77.4960405,2.4812938144273717,1.097825375976259,0.1794693501441034,0.08846153846153847
Seegehalli,13.0164845,77.71748,2.56558640069113,0.0535443359096457,0.0690586066875828,0.05
BEML Layout,12.9611099,77.7164738,0.6719239127411085,0.27244649864545,0.1725955228275265,0.053162826712177244
Alur,12.9604876,77.5700998,0.6719239127411085,0.27244649864545,0.1725955228275265,0.03773584905660377
Devarabisanahalli,12.9234847,77.6869662,0.4911593724014503,0.9993799148100816,0.8063548121699141,0.05925925925925926
NRI Layout,13.0271999,77.6792114,1.1713850501422938,0.2429781087049135,0.6610985495866328,0.052785852713178295
Sidedahalli,13.0625424,77.4953754,0.9159314362689656,0.7974950828995189,1.3883200774586322,0.041666666666666664
Dwarka Nagar,13.0880852,77.4949031,1.6954607676256916,0.3206413385359538,0.6588141880651172,0.0659375
ITPL,12.9846295,77.7377329,0.5999043308485217,0.7202888346990263,0.3112663440873512,0.046766666666666665
Margondanahalli,13.0302592,77.6935252,2.471747379678644,0.7098069136914165,0.680034524469606,0.05430555555555555
Kattigenahalli,13.1177735,77.6261222,2.307834569624511,0.3736851832765202,0.4439453132380875,0.051488095238095236
Raghavendra Nagar,12.8918543,77.5777361,0.5032958808819047,0.241876924550154,0.2398795304997477,0.04110809315840605
KR Layout,12.9549835,77.6532944,0.9945799463065542,0.1710308760774943,0.2679590241311294,0.042105263157894736
Babusapalaya,13.0283523,77.650469,0.6719239127411085,0.27244649864545,0.1725955228275265,0.03942083169633413
Nagappa Reddy Layout,12.9599768,77.7154704,0.3013650021276485,0.0624442375939458,0.1029456258132958,0.043478260869565216
Kempapura,13.0478903,77.6096313,0.6225310041959526,0.5758064833941038,0.2852479806266651,0.05226342129208371
BTM 1st Stage,12.9194108,77.609966,0.6719239127411085,0.27244649864545,0.1725955228275265,0.13399869398704578
Kariyammana Agrahara,12.9371495,77.6873031,0.0157435916921541,0.5615978168720168,0.4406710436203088,0.05
Hessarghatta,13.0484259,77.5076232,2.493187332613776,0.3158368682051171,0.2865058747874628,0.047080979284369114
Binnamangala,12.9839881,77.6416769,0.6719239127411085,0.27244649864545,0.1725955228275265,0.22681451612903225
Suraksha Nagar,12.9749426,77.6063997,0.6009053486673367,0.3994819417399948,0.0255551008173851,0.0400380922363984
Kadugondanahalli,13.0207029,77.6215464,1.1864235863068515,0.3847745184372513,0.2718428653976002,0.05625
Basava Nagar,12.9854757,77.5887667,0.6719239127411085,0.27244649864545,0.1725955228275265,0.039456486573924296
2nd Block Hrbr Layout,13.0203163,77.6325425,0.6719239127411085,0.27244649864545,0.1725955228275265,0.06588927637314734
Canara Bank Layout,13.068572,77.5783554,1.403029136472106,0.282615692660948,0.6704528486077594,0.09324712643678161
Manjunath Nagar,12.9536329,77.6543602,1.1837030460344262,0.2390009528951653,0.4202899269707838,0.13333333333333333
Basapura,12.8686664,77.6441741,0.6719239127411085,0.27244649864545,0.1725955228275265,0.05
Channasandra,12.9872969,77.7538838,0.923532000070958,0.4836889415930316,0.0923344082352072,0.03585536426777006
Singena Agrahara,12.8400642,77.7126767,0.571293670000818,1.9650143356499643,1.625538965785881,0.088
Kacharakanahalli,13.0222071,77.6319093,1.4192547104011903,0.2451174063502312,0.256463852814521,0.04777070063694268
Choodasandra,12.8883623,77.6799727,1.5600270829015552,0.7378715149880812,0.7606480703530835,0.05032679738562092
Sai Gardens,12.9467591,77.6760671,0.4558139877426937,0.37806578871637,0.506742622069756,0.04337282740523593
Dodda Kempaiah Layout,13.0362652,77.6710325,0.6036721416501054,0.4659473510144052,0.3905023525494348,0.045604987684729065
Hanumanth Nagar,12.9473478,77.5634776,0.3724836646861119,0.1806306962598738,0.0892939967412397,0.044989779190364676
Kaikondrahalli,12.9138348,77.6775268,1.7387244171739296,0.0465427068582542,0.0164266142196175,0.0615951367781155
Hunasamaranahalli,13.1398615,77.6230512,0.6719239127411085,1.9522428402733447,0.6319180820303661,0.16875
Neeladri Nagar,12.8414612,77.6479661,1.1596607240048924,0.0473907004022411,2.359275490523564,0.03229668755355612
Frazer Town,12.9975851,77.6136744,0.2440334342978169,0.1092781119316838,0.1972907297840227,0.10020372526193248
Williams Town,12.9991567,77.6067556,0.5215818039407049,0.3324551744264749,0.2862658378783488,0.06533333333333333
Iggalur,12.781144,77.7014486,0.6719239127411085,1.6010555577611985,0.8060033729425429,0.033516483516483515
Cooke Town,13.0021998,77.6251814,0.5773875959324263,0.2308652543926518,0.5154163752922875,0.10755295429208472
Doddakallasandra,12.8857355,77.5557448,0.90864791806872,0.6485990063096463,0.34598933783499,0.03999281475748194
Chikkaballapur,13.0993764,77.388729,0.2061801390975425,0.2786965432878641,0.2479211139129111,0.06666666666666667
Chamrajpet,12.9584184,77.5629161,0.2021873801310553,0.0441822813940179,0.189805510215629,0.08135593220338982
Classic Paradise Layout,12.8718404,77.6442373,0.5677536474609888,0.2204728021057193,0.6802489074164018,0.06837518542063997
Byappanahalli,12.9899416,77.6534298,1.2274599887463025,0.6013998810257436,0.0228151791910608,0.03103448275862069
Vasanth nagar,12.9921738,77.591459,0.4574637636513987,0.4759907540261525,0.292784683292091,0.16835891381345927
Rayasandra,12.8795774,77.6719842,0.3046437048503121,1.1846682539556457,2.3188752919870117,0.04549082202713488
Kalkere,13.0344453,77.6766779,0.8909151450818696,0.207124654153715,0.2243660817221848,0.049215344376634704
Vibuthipura,12.9679839,77.6782243,1.0450310171231154,0.5242029300108855,0.3743190866088541,0.05759404604738209
5th Block Hbr Layout,13.0374664,77.628799,0.6719239127411085,0.27244649864545,0.1725955228275265,0.05697081982399259
Pai Layout,12.993111,77.6666772,0.4026121516645018,0.4996379991045377,0.3138886615029085,0.04281947510424332
Defence Layout,13.0598706,77.5851779,0.5923994864847407,0.2151196354422667,0.3075463570919653,0.05400430570505921
Roopena Agrahara,12.91064,77.6238263,0.1247636550283863,0.0839035350999275,0.2500192635494851,0.05111357229158276
Banashankari Stage V,12.8849238,77.5154846,0.6719239127411085,0.27244649864545,0.1725955228275265,0.03456038647342995
Coconut Garden,12.9610387,77.5190523,0.3353714550906516,0.2608730016653343,0.1272321268975209,0.09722222222222222
Gollahalli,12.821532,77.5852714,1.5174613700309876,0.987684945510078,0.2753704177076201,0.041310495099634734
Sonnenahalli,12.9433048,77.4801187,2.409374851402626,0.4251122896450219,0.132303468486275,0.04998021760633037
D Souza Layout,12.9696296,77.5968003,0.2052170215270413,0.4085397627193177,0.2738487279071857,0.2190332326283988
"ECC Road, Whitefield,",12.9811905,77.7433061,0.5458126398450429,0.967438655689951,0.5994315475265743,0.059117449099781255
Seetharampalya,12.9813697,77.7086129,0.8539704419126385,0.1071376743160765,0.0601222240764895,0.05367647058823529
Puttanahalli,13.1119851,77.5770582,0.9089338121239224,0.9140418500522434,0.355875210706995,0.046577361876682474
Benson Town,12.997343,77.6036815,0.6459429891583218,0.3222163028721158,0.3116091335718602,0.13224982686980608
Devasandra Extension,13.0219498,77.5722288,0.9684313152933252,0.748848058595715,2.136586884254456,0.029357798165137616
2nd Phase Judicial Layout,12.8653002,77.5372382,0.6719239127411085,0.27244649864545,0.1725955228275265,0.035
"Sarjapur Road,",12.9243414,77.6448784,0.5763147173538844,0.3599119044181345,0.2547980447962064,0.05961211234104839
Byadarahalli,12.9779094,77.484086,0.2369475837628956,0.8205450862288203,0.4004782966386007,0.11935136970794658
Poorna Pragna Layout,12.9089902,77.5327496,0.502509340007645,0.1518297788398314,0.1945651847373686,0.03999267316161751
Judicial Layout,13.0837692,77.5860438,1.7538702152909709,1.2417116342011365,0.5732750494067582,0.08455253896430368
"Varthur Road,",12.9561094,77.7295768,0.8493124126329409,0.111295504517586,0.1403305063496017,0.04788460178659816
Chikka Banaswadi,13.0057413,77.6508239,0.2781841247828849,0.5386990498980748,0.3207864955843577,0.059469350411710885
Outer Ring Road East,12.9792116,77.6952364,1.0465973228735497,0.2007006481133033,0.1921666064674344,0.06739176405119643
Vinayaka Nagar,12.9872184,77.5230958,1.603838809512996,0.7517299115089969,0.2614900028657894,0.04652447370136219
Banashankari Stage II,12.8849238,77.5154846,0.6719239127411085,0.27244649864545,0.1725955228275265,0.10972461273666093
GB Palya,13.0226152,77.7057327,2.784675521057892,0.4296754798508252,0.0764740222640324,0.04838709677419355
AMS Layout,13.0877316,77.5585759,0.6719239127411085,0.27244649864545,0.1725955228275265,0.06666666666666667
9th Block Jayanagar,12.9341998,77.5841516,0.6719239127411085,0.27244649864545,0.1725955228275265,0.2
Karuna Nagar,12.921008,77.5878683,0.4280860092228885,0.0728552035805086,0.2706525241594852,0.10998196502783658
Ashwathnagar,13.026056,77.5789157,0.6719239127411085,0.27244649864545,0.1725955228275265,0.10122325898953119
AGS Layout,12.9127651,77.5340498,0.6719239127411085,0.27244649864545,0.1725955228275265,0.05862068965517241
Srinagar,12.9484488,77.5514971,1.0775175638101453,0.5677294181457373,0.1378836701727174,0.13796296296296295
Brigade Road,12.967408,77.6065277,0.0719581193980562,0.2350720779959816,0.1714233881420668,0.05400430570505921
Bannerghatta,12.9517452,77.6039506,0.6719239127411085,0.27244649864545,0.1725955228275265,0.06172839506172839
Belathur,12.9989822,77.7408733,0.3681875013716038,1.5160290228254107,0.4520371519914777,0.04226475279106858
Maruthi HBCS Layout,12.9977407,77.5418368,0.2777182606693538,0.1183925340612595,0.1458879165831025,0.0316
Devanahalli Road,13.1424106,77.7340989,0.6719239127411085,1.274730303566862,0.5223279199956383,0.10540489753936229
Green Woods Layout,13.0584954,77.6263659,0.7550189597067388,0.72681928578763,0.1105391618952065,0.04947346600331675
Craig Park Layout,12.9713834,77.6158386,0.580391351177486,0.361590849443675,0.1837682022319356,0.14653465346534653
Immadihalli,12.9663991,77.762046,0.84788775671992,1.278868961553934,0.1061382933920549,0.05991189427312775
Banagiri Nagar,12.9228552,77.5586323,0.6719239127411085,0.27244649864545,0.1725955228275265,0.08
Hiremath Layout,12.9754354,77.5358965,0.368876964870505,0.0,0.0923355824027472,0.04878048780487805
Chikkasandra,13.0963679,77.7047925,0.6719239127411085,0.27244649864545,1.1867243672248435,0.08666666666666667
3rd Block Jayanagar,12.933863,77.5830336,0.6719239127411085,0.27244649864545,0.1725955228275265,0.11685185185185185
Manjunatha Layout,13.0250058,77.7001393,2.511170660734572,0.3487381120433966,0.3889288830026216,0.07516025641025642
Konanakunte Cross,12.890447,77.5640809,0.1788913751929838,0.3310610432113022,0.2172344168128708,0.04977693697763723
Abbaiah Reddy Layout,12.9792262,77.680936,0.6719239127411085,0.27244649864545,0.1725955228275265,0.035
Lakshmi Layout,12.8913057,77.5878632,0.3198723561558485,0.5925663826413038,1.9332196786398448,0.09108213429256595
Tavarekere,12.9220045,77.6096347,0.0676475466018603,0.1232822080183983,0.1001645566096596,0.03333333333333333
Thirumenahalli,13.0901794,77.6334125,0.9885648011677348,0.7698068311351458,0.2625384003461571,0.035432697764158444
KPC Layout,12.9041861,77.6778517,2.3285835751560953,0.4061879104874347,0.2220187144975238,0.05400430570505921
HOSUR MAIN ROAD,12.9419903,77.5973807,0.2565526226316076,0.2026508648396136,0.10577485201535,0.03825136612021858
Nandi Durga Road,13.0044951,77.5948451,1.6146912312277517,0.9605604745077252,0.1445208183347995,0.16129032258064516
Kumara Park,12.9922298,77.5783472,0.1411369984680065,0.1379946715976424,0.2411565573744297,0.1590909090909091
Maruthi Nagar,12.9746062,77.6756305,0.533627165085799,0.1180432387164703,0.302324913520465,0.04176470588235294
Marsur,12.7678915,77.7043732,0.6719239127411085,2.9751270129140357,0.3579930213141969,0.075
New Thippasandra,12.9761264,77.660815,0.8102886504602792,0.5734579359470656,0.5607771749754614,0.1077531379748962
Garden Layout,12.9559043,77.7148447,0.6680479531531998,0.2282509947222239,0.1493455781667556,0.05400430570505921
Kumbena Agrahara,13.0017965,77.7473882,0.8505142118322797,0.9203469692707316,1.0322559141064789,0.0423728813559322
Doddanekundi,12.9713194,77.6964768,0.3514634232895514,0.2448301952059073,0.2415748865330328,0.047150764820718116
Venkatadri Layout,12.9479007,77.6994103,0.9182246655655176,0.372689989332421,0.1805632199163321,0.05400430570505921
Bommenahalli,13.0742536,77.7465943,0.6719239127411085,0.27244649864545,0.0482946531926285,0.08035714285714286
Andrahalli,13.0196883,77.4889451,0.6719239127411085,0.27244649864545,0.1725955228275265,0.10681818181818181
HBR Layout,13.031992,77.6280789,0.7555657686489766,0.2717183757304339,0.3047402380163249,0.07938240798502808
Vittal Nagar,12.9012176,77.5550809,0.4958449261205092,0.6880589369092307,0.2941884677645605,0.0475
Bhuvaneshwari Nagar,12.9715261,77.5595225,0.6719239127411085,0.27244649864545,0.1725955228275265,0.05181818181818182
Laggere,13.0108677,77.5207301,0.7834476486030592,0.2320438039058008,0.1409541631227225,0.0830188679245283
Prithvi Layout,12.977178,77.7436455,0.3302706528674197,0.9020964722799288,0.793661241073823,0.06878698224852071
5th Stage BEML Layout,13.1501641,77.6688989,0.6719239127411085,0.27244649864545,0.1725955228275265,0.0425
Vijinapura,13.0039028,77.6736303,0.2110636576900572,0.2042586985721123,0.4224271182673048,0.055390590911200854
Banaswadi,13.0141618,77.6518539,0.6719239127411085,0.27244649864545,0.1725955228275265,0.051587301587301584
P&T Layout,13.0124489,77.6960226,1.308590940354927,0.0353531875877361,0.2989086899128101,0.04909090909090909
Byrasandra,12.9295931,77.581181,0.4497599270003899,0.0970306513784047,0.0920386071052378,0.05
Veerannapalya,13.0424788,77.613342,0.8350783012206179,0.6357764136003717,2.9349084506582703,0.042837436332767403
Chowdeshwari Layout,13.0613342,77.6420881,0.5253839127833032,0.2084925005845252,0.1256080450301282,0.064
Sector 2 HSR Layout,12.9118578,77.6517238,0.2920468130903524,0.1024464927077078,0.0162075686550721,0.057369130941965586
Anantapura,13.1150894,77.5679972,0.6719239127411085,0.27244649864545,0.1725955228275265,0.03947916666666667
Shivaji Nagar,12.9883249,77.6004488,0.4289336185869077,0.2581316562432131,0.19696017345994,0.07041251778093884
4th Block Koramangala,12.9299843,77.6305001,0.6719239127411085,0.27244649864545,0.1725955228275265,0.1111111111111111
Belatur,12.9975859,77.7559053,0.6719239127411085,0.27244649864545,0.1725955228275265,0.046031746031746035
Lalbagh Road,12.9549004,77.5855742,0.3739976313145663,0.3102817022262136,0.0845307523774814,0.09986394557823129
Kamakya Layout,12.9239667,77.5492664,1.1039975888165876,0.1273385587824283,0.1242689429895246,0.07272727272727272
Vignana Nagar,13.0705989,77.5867134,0.9411708073433498,0.7914703133497715,0.6758191532656612,0.05606481481481482
Nallurhalli,12.9766408,77.7248845,0.1697198203004212,0.1138750096438843,0.1460009904088637,0.055059288537549406
Chinnapanahalli,12.9661219,77.7071156,0.5256639772243925,0.4968093054290869,0.6358671332305671,0.04052621048419368
Lingarajapuram,13.0093949,77.6267881,0.3682592202258137,0.3515177846176174,0.3332689342253355,0.05925925925925926
3rd Block HBR Layout,13.0314059,77.6355596,0.6719239127411085,0.27244649864545,0.1725955228275265,0.05
Nagavarapalya,12.9866903,77.6577863,1.061738820046865,0.4611772692665946,0.4409438729643847,0.07801418439716312
Hongasandra,12.8986261,77.6286732,0.2093149871788104,0.249136716374111,0.231469448466724,0.04243110838946724
Harappanahalli,12.7764978,77.6326204,0.6719239127411085,0.4225690249010627,1.1974502221048098,0.03958333333333333
BTM Layout,12.9140008,77.6102821,0.6719239127411085,0.27244649864545,0.1725955228275265,0.05508021390374331
Kanaka Nagar,13.0374105,77.6082063,0.1621485999372766,0.4380922074420829,0.2581820795634288,0.07035317292809906
Tasker Town,12.9801622,77.605818,0.9193179537913136,0.0300346815007141,0.3068617719966022,0.06315789473684211
NR Colony,12.9388164,77.568326,0.39075792544071,0.2265035936804472,0.1780194035757157,0.0375
Agara Village,12.8446015,77.4879398,0.6719239127411085,0.27244649864545,0.1725955228275265,0.06233766233766234
Shettigere,13.1954297,77.649453,0.6719239127411085,0.27244649864545,0.5730267078713411,0.05303030303030303
BEL Road,13.0484221,77.5545881,0.6719239127411085,0.27244649864545,0.1725955228275265,0.12004761904761904
Doddabommasandra,13.0544347,77.559327,0.6132291727996358,1.4646199879092698,0.2348179169151435,0.07843459752321981
Maruthi Layout,12.9204015,77.6067432,0.2122126626349509,0.1913358927785,0.161746871646241,0.05400430570505921
Sree Narayana Nagar,12.8837645,77.5507558,1.1760119395699975,0.0652154339842619,0.0560571955823178,0.05400430570505921
Tunganagara,12.985503,77.485068,0.4204071327468453,0.6239046335328086,0.1725955228275265,0.028
Nagavara,13.0374647,77.623602,0.5002868566305048,0.0580632177549499,0.0572769283980491,0.04669298051628458
BTM 2nd Stage,12.9140788,77.6188862,0.6719239127411085,0.27244649864545,0.1725955228275265,0.06396103896103895
Chokkasandra,13.0405342,77.5112239,1.7338057013569392,0.3355798387812403,0.3128755577447628,0.03882352941176471
Panduranga Nagar,12.8930758,77.5961351,0.6104650925035187,0.2624868301419979,0.3541065757941077,0.05400430570505921
Jakkur Plantation,13.0834599,77.5980019,2.2003469820835,1.291404208089555,0.5778876391461609,0.06388888888888888
Sir M V Nagar,12.9312736,77.5704231,0.2344473817413387,0.4368052512408492,0.3195476588311799,0.05400430570505921
1st Block Koramangala,12.9248167,77.6342492,0.6719239127411085,0.27244649864545,0.1725955228275265,0.07695065329936723
Hoskote,13.0318443,77.7618779,0.6719239127411085,0.2339032051634827,0.3389246320592702,0.038461538461538464
Attiguppe,12.9618745,77.5335505,0.6719239127411085,0.27244649864545,0.1725955228275265,0.14
Yemlur,12.9438959,77.6783535,0.4784137501652939,0.094511014300112,0.2951272468746654,0.05
Race Course Road,12.9819671,77.5766178,0.7324767202416441,0.5473491645355066,0.0985420760090443,0.1531578947368421
Gkvk Layout,13.0827075,77.6034629,2.6484314965513396,1.1309081492275763,0.4184102426639576,0.14444444444444443
Sector 1 HSR Layout,12.9118559,77.6516888,0.2896775155110779,0.1035216240340714,0.0187620421960306,0.08314855875831485
St. John's Road,12.9865304,77.6158573,0.4198395491300619,0.2524344554967683,0.0482745802710609,0.11515776699029126
Doopanahalli,12.9674584,77.6396382,0.0479034117799551,0.2116589025373215,0.2084030133228225,0.09037606837606837
Doddaballapur,13.1112249,77.5798813,0.7255740290704908,0.9153657932218427,0.0729874415889671,0.07492354740061162
Sathanur,13.0735244,77.6214579,2.3223366652236273,1.296482725744849,0.3020327274523953,0.06790123456790123
kanakapura road,12.8622076,77.5303418,1.3512782086849493,1.3148971281446862,0.0503463633456248,0.034952727272727274
Kaveri Nagar,13.0326126,77.6096168,0.4057778735729556,0.119833162092593,0.3433384745090121,0.08157894736842106
Nelamangala,13.0979667,77.3945591,0.2192338466723758,0.0782277270809552,0.0427389973578645,0.036585365853658534
Alfa Garden Layout,12.9684751,77.5981066,0.6719239127411085,0.27244649864545,0.1725955228275265,0.03715725806451613
Hoodi Layout,12.9937325,77.7171734,0.0559818070831465,1.1504799066133944,0.1813293211457647,0.06166091954022988
5th block Koramangala,12.935464,77.616304,0.6719239127411085,0.27244649864545,0.1725955228275265,0.05400430570505921
Gunjur Palya,12.9228378,77.7188315,2.6036333527841244,1.469963722247293,1.0265825048279358,0.03654761904761905
Bileshivale,13.0543306,77.6710224,0.6719239127411085,0.27244649864545,0.1725955228275265,0.04583333333333333
Upkar Layout,12.961396,77.4833965,1.6179567205814949,0.9058222356314616,0.0770598391454551,0.06666666666666667
Sunkadakatte,12.9951556,77.5022163,0.9479074363505908,0.1202445868454327,0.0866492201589721,0.04833333333333333
Someshwara Layout,12.9035976,77.6938015,0.9312879082089528,0.2845782048739962,0.4300652684392496,0.12458333333333334
Channasandra Layout,12.9847239,77.751479,0.5767715358810441,0.158137291338306,0.0466997268964924,0.04452821267206052
HAL 3rd Stage,12.9715338,77.6497819,0.29905029683768,0.1217512878413261,0.1616461894023215,0.04083333333333333
Doctors Layout,13.0053365,77.6581854,0.1212983334667094,0.1539372185664948,0.1595999468827112,0.03911111111111111
1st Block HRBR Layout,13.0100548,77.6431061,0.6719239127411085,0.27244649864545,0.1725955228275265,0.15
Sarakki Nagar,12.9106407,77.5845458,0.3345753113965817,0.0387307488775692,0.0655157093407413,0.11358671909130624
Bahubali Nagar,13.0450669,77.5492146,0.6719239127411085,0.27244649864545,0.1725955228275265,0.05400430570505921
Nandini Layout,13.0125961,77.5333145,0.6865714187979948,0.6375746820762526,0.1864136783976065,0.09166666666666666
B Channasandra,13.0099152,77.6602721,0.6719239127411085,0.27244649864545,0.1725955228275265,0.051217948717948714
Dollars Colony,13.0413668,77.5678155,1.407205066869858,0.558230562236529,0.1899208359576927,0.07962625341841387
Arehalli,12.9084491,77.537781,0.6719239127411085,0.27244649864545,0.1725955228275265,0.04814814814814815
Cambridge  road,12.9709964,77.6278632,0.1114156116066184,0.0869810209909497,0.5185905655545889,0.11
Hennur Gardens,13.0376905,77.6432902,0.4958858992258092,0.2595101349615316,0.1708377349861723,0.07718120805369127
Thyagaraja Nagar,12.931392,77.5683011,0.3456232786056747,0.349320683506187,0.1059581695192967,0.1
Bharathi Nagar,12.9898432,77.6103341,0.6719239127411085,0.27244649864545,0.1725955228275265,0.05188565141394594
SRINIVASAPURA,13.1062092,77.6239014,1.4534998280342353,0.5916845920262863,0.3105522194165184,0.045001639344262295
Cambridge Layout,13.0076481,77.7258907,1.6055709066241883,1.0518070935454067,0.4518077361386485,0.10572916666666667
ittamadu,12.9233593,77.5418698,1.0206396586495792,0.2308659361886501,0.1598653674177515,0.18333333333333332
Doddakannelli,12.9115184,77.6934108,0.5310204807011356,0.561380766169352,0.4915084911610464,0.050810736375842006
"Thanisandra Main Road,",13.0401602,77.6243306,0.1905198883191995,0.1401572348201475,0.0263985167163206,0.06406448875689436
Jayanagar,12.9292731,77.5824229,0.3865898623691632,0.0485378467709794,0.1753115270525628,0.12222222222222222
Amruthnagar,13.0569904,77.5981092,0.6719239127411085,0.27244649864545,0.1725955228275265,0.051
Palace Guttahalli,12.999489,77.5843469,1.0334390764126238,0.265939281755941,1.613882541202653,0.13142857142857142
Akshya Nagar,13.0694057,77.5451149,0.6719239127411085,0.27244649864545,0.1725955228275265,0.05434782608695652
Victoria Layout,12.9656579,77.6142682,0.2800174285034312,0.131849626217331,0.3321223377280893,0.1
BCC Layout,12.955703,77.5313329,0.6719239127411085,0.27244649864545,0.1725955228275265,0.08518518518518518
Mathikere,13.0333587,77.5581786,0.646935825124672,0.0879557447521734,0.2433558003882036,0.07250000000000001
Friends Colony,12.926326,77.6171749,0.2558143369746047,0.0498248731694368,0.0328469438760506,0.06521739130434782
Sri Balaji Krupa Layout,12.8732692,77.6460654,0.742233969714381,0.1284883721752119,0.4634068928726152,0.084375
Bidadi,12.8861649,77.5822896,0.6719239127411085,0.27244649864545,0.1725955228275265,0.065625
Sampige Layout,12.9764697,77.528243,0.3473977635132612,0.1828058166173384,0.2634442505958773,0.05400430570505921
Virgonagar,13.0537687,77.7173308,0.6719239127411085,2.749776602256314,0.4298085337457471,0.03473251028806584
Rajiv Gandhi Nagar,13.0529919,77.5842533,1.2356090561938042,0.6030273866895369,0.6758674863599148,0.05806214924544391
Dinnur,13.0268586,77.5985884,0.083578165795282,0.0792588398504726,0.3171514465304507,0.05807486631016043
Vyalikaval,13.0042636,77.5751704,0.3941958891606696,0.1895963571890517,0.440347605210309,0.05400430570505921
"Banaswadi,",13.0141618,77.6518539,0.6719239127411085,0.27244649864545,0.1725955228275265,0.0677000949066751
Balaji Gardens Layout,13.0330795,77.6379544,0.6719239127411085,0.27244649864545,0.1725955228275265,0.048484848484848485
HAL 2nd Stage,12.9689409,77.6437106,0.501957234730257,0.1449777648717319,0.2745560250607598,0.12
Tippenahalli,13.0368275,77.4882249,0.6719239127411085,0.7862965133883986,0.0285675977797302,0.04583333333333333
Prestige Sunrise,12.8334817,77.6631176,2.0955844610090604,0.1632834346269459,0.7395050387154494,0.05857142857142857
1st Stage Indira Nagar,12.9776551,77.6364842,0.6719239127411085,0.27244649864545,0.1725955228275265,0.059574468085106386
Srigandada Kaval,12.9851531,77.5032883,2.0372274301318205,0.6398372514355147,0.2878850927906327,0.05400430570505921
Shanthi Layout,13.0167674,77.6834304,0.9794981398109798,0.1469436173015745,1.9582463288874477,0.06346550707547169
Keerthi Layout,12.7963302,77.7101094,2.7348357288773935,0.3079473271818293,0.5966580149906668,0.03205128205128205
Shikaripalya,12.8359685,77.6571728,1.655037556174444,0.1558641796823294,0.1621685184036257,0.03900138696255201
4th T block Jayanagar,12.9302534,77.5903874,0.6719239127411085,0.27244649864545,0.1725955228275265,0.1426923076923077
Hagadur,12.9649204,77.7558746,0.3643012519049206,0.7117613875110312,0.0596126419623081,0.04484221790851625
Soundarya Layout,13.066906,77.4967968,0.5174996471440045,0.4798944468963525,0.0587282842476012,0.03166666666666666
"Banashankari 6th Stage ,Subramanyapura",12.8933259,77.5219378,0.6719239127411085,0.27244649864545,0.1725955228275265,0.05917159763313609
Pattanagere,12.9200602,77.506701,1.056301341756837,0.8255715402634687,0.5300518167224695,0.041176470588235294
Cunningham Road,12.9857312,77.5960537,0.6520540592966467,0.289882974160941,0.1822685393758178,0.19592326139088728
Dollars Layout,12.9040098,77.5955558,0.5385101283645138,0.2771389916473641,0.236800617720524,0.08957654723127036
Kurubarahalli,13.0012139,77.5362964,0.1984592198431166,0.0351253557440186,1.4479499065895312,0.06166666666666667
Chikkabettahalli,13.0894554,77.556171,1.4634624125780082,0.4172179090115826,0.1725955228275265,0.13636363636363635
Bhuvaneswari Nagar,13.0547459,77.6024403,0.6719239127411085,0.27244649864545,0.1725955228275265,0.07708333333333334
Varanasi,13.0304962,77.6860657,1.8301601353360304,0.4066237201112381,0.1177487405748581,0.0505
Gopal Reddy Layout,12.9690025,77.6934988,0.7013878974814703,0.0134543289175497,0.1406546459472583,0.03571428571428571
T c palya,13.0160374,77.6910921,1.117556458024879,0.6212843141256551,0.7506781153970944,0.05400430570505921
Virat Nagar,12.9036108,77.6208615,0.0899944633453909,0.5238360808298419,0.6718641344789439,0.04389667445223001
Dhanalakshmi Layout,12.9724999,77.651454,0.1838297742207797,0.0742692989269705,0.0682683724401493,0.05400430570505921
Nobo Nagar,12.8679232,77.5962356,0.5975142550448321,0.8076835970106383,0.4029166910078579,0.038623595505617975
Kanakapura Road,12.8622076,77.5303418,1.3512782086849493,1.3148971281446862,0.0503463633456248,0.06666666666666667
Kadubeesanahalli,12.938965,77.6964066,1.0016046158440992,0.0860840729218133,0.3275529922066644,0.06842105263157895
Green Domain Layout,12.9728468,77.7148942,0.6587429006230421,0.6612301029888498,0.3574640528802505,0.06977306547619047
Cleveland Town,12.9940417,77.6116055,0.1911773142036429,0.178618429806517,0.193034351900823,0.0803616273229533
Syndicate Bank Colony,12.9798772,77.5286425,0.5953050114325018,0.4132994523414319,0.4431932677616605,0.1075
"Off Sarjapur road,",12.9098432,77.6878366,1.1331386661798992,0.5618084014786834,0.239922303159473,0.114
M C Layout,12.9730957,77.5353937,0.3422488203410949,0.1200914605890768,0.2711949291830746,0.10208333333333333
Nanjappa Layout,13.0682587,77.5566819,0.8453676384819615,0.0941621494156507,0.263501197428554,0.05144995322731525
BEL Layout,13.0729675,77.554357,0.6719239127411085,0.27244649864545,0.1725955228275265,0.07636363636363637
Jyothi Nagar,12.8641456,77.5817188,0.1560389866297218,1.068561000065576,0.1748590466181626,0.041325165102537365
Tata Nagar,12.9358121,77.5150011,0.7301127570913796,0.5006159241145423,0.1859118206200221,0.0456072695035461
RK Layout 2nd Stage,13.0274554,77.5772913,0.4154299189121366,0.0703739613083221,0.2080914622197383,0.06739130434782609
Raghuvanahalli,13.0850111,77.7600477,0.6719239127411085,2.661034515228484,1.3724692330592798,0.03333333333333333
Geddalahalli,13.0367681,77.5675668,1.2513367546760257,0.1988691706799562,0.1296036598384422,0.042531195008798595
Brindavan Nagar,12.9741269,77.6086454,0.5579202537809185,0.3795811096802024,0.1497468238662936,0.07302631578947369
Palace Road,12.9751459,77.5825554,1.2930436753524392,0.5214026466176859,0.1166507012790829,0.07878787878787878
Domlur Layout,12.9644251,77.6349677,0.5635282138848542,0.2432534158721364,0.3715866099605019,0.17777777777777778
Vijaya Bank Layout,12.8822364,77.6138592,0.5632011725509645,0.1346814663308628,0.823237248450667,0.056666666666666664
Wilson Garden,12.9489339,77.5968273,0.072859049951105,0.1122522801896376,0.1860309993329813,0.09365558912386707
Challaghatta,12.9451006,77.651534,1.9013960518729711,1.1061002147711898,0.3490062277538182,0.075045759609518
Indira Nagar 3rd Stage,12.9768429,77.6465919,0.0383288706381198,0.1076614536845885,0.08609454319958,0.11436781609195402
Vishwanatha Nagenahalli,13.036775,77.6036324,0.1660492427572014,0.2616505796602202,0.2361097863274085,0.05392700745294539
KR Garden,12.9549208,77.6565969,1.2350996333262854,0.2303303065580923,0.4140088842408415,0.0681081081081081
Kanakadasa Layout,12.9823009,77.5896603,0.6580174952192218,0.9239618105226708,0.1093837349086744,0.07916666666666666
Mallathahalli,12.969649,77.5023618,2.1094366262105178,0.2024634959255617,0.208423842611637,0.04897959183673469
Jayamahal Extension,13.0011064,77.5969579,1.2060995165974309,0.5345095336548265,0.2660024783116362,0.1428888888888889
Sahyadri Layout,12.9064193,77.5633803,0.4049572510245178,0.0403380152144224,0.1212466332609173,0.05400430570505921
Mathikere SBM colony,13.0372442,77.5566011,1.0466319616267512,0.2028008230695043,0.2150171401733672,0.10666666666666667
Bagalur,13.0079918,77.6184726,0.6719239127411085,0.27244649864545,0.1725955228275265,0.05786802030456853
P Krishnappa Layout,12.9070818,77.6929357,0.7065584964685563,0.3614436317191533,0.2720011622726933,0.057462686567164176
Crimson Layout,12.9799554,77.7109706,0.7481587989110038,0.2038260743266483,0.2014490858382987,0.04912701586032254
Hanumantha Nagar,12.940641,77.5635429,0.4559016207664249,0.0993951678782049,0.1397130052297065,0.09393939393939393
Lavelle Road,12.9722287,77.5986661,0.5365246920462017,0.5426429057212498,0.3540851916595122,0.15735352856685614
Goraguntepalya,13.0269315,77.54409,1.3265122618996006,0.4797261747440375,0.0268166781910678,0.125
Rajankunte,13.1729749,77.5669132,0.2152019625349251,0.1947757253996015,0.2331140592794088,0.06359669861866406
MLA Layout,13.0179119,77.5906795,1.3298978413341933,0.7207342854830042,0.1295525378317512,0.03776141384388807
Kyalasanahalli,13.0564575,77.6591321,1.8996021428471153,0.8097085409418486,0.0534719050065057,0.08708333333333333
Siddapura,12.9464207,77.5920877,0.2487304676208248,0.3037609933548386,0.1603660071934219,0.08030690537084399
Nagadevanahalli,12.939922,77.4913207,1.5097514383706585,0.475475429721125,0.3108672929092538,0.09417989417989418
Madiwala,12.9218931,77.6177348,0.1496867408651734,0.244611032919114,0.2877441939121316,0.033
Rajarajeshwari Nagara,12.9193976,77.5180364,0.3938696042670539,0.3175764965571956,0.2795974216602332,0.037250000000000005
Celebrity Paradise Layout,12.8481732,77.6531976,0.2834333164570384,0.3428747453422625,0.5446757822290902,0.03568267259056733
St Thomas Town,13.0065573,77.6224071,0.2068010392670163,0.1639798397699526,0.1564175714201721,0.05400430570505921
Kamala Nagar,12.9450536,77.5586486,0.7089981216212989,0.0,0.1982563179455896,0.08
Marenahalli,12.9182594,77.5916651,0.0546615048707569,0.2555528966583109,0.1494501823470072,0.08217636920720031
Nagawara Junction,13.0454631,77.626723,0.459556186081025,0.3674913614194739,0.0543642583614899,0.07773459189339256
Maithri Layout,12.9848621,77.7559192,0.8143598850473553,0.4608689361061566,0.2836616874404254,0.03560830860534125
Nanjappa Garden,13.0234077,77.6504121,1.1734119850881333,0.3279761812485127,0.2525390588176662,0.06924304605563156
1st Stage Domlur,12.9679718,77.6367953,0.6719239127411085,0.27244649864545,0.1725955228275265,0.04814814814814815
Kalhalli,12.8803569,77.7708542,0.6719239127411085,0.9049664962487898,1.0083086137926025,0.06666666666666667
Hadosiddapura,12.8964727,77.7014674,1.6269415074126796,1.1572598143217263,0.8169542926518393,0.1375
Vijaya Bank Colony,12.8934265,77.6097166,0.2527242733553413,0.1330015355927538,0.7373326194517472,0.04428571428571428
Lakkasandra,12.9381829,77.6002563,0.2071588325575968,0.2929905799682557,0.1567810193681706,0.14
"JP Nagar 8th Phase,",12.9104062,77.5951099,0.1253077726375804,0.2898938211135809,0.0482057395761017,0.04712628170534269
Kachanayakanahalli,12.7990299,77.6830517,0.6719239127411085,1.54826525389857,1.9181576533371745,0.041112454655380895
6th block Koramangala,12.9377559,77.6239822,0.6719239127411085,0.27244649864545,0.1725955228275265,0.13333333333333333
"JP nagar 9th Phase,",12.8681419,77.5628221,0.6961051056214675,1.8152983512346004,0.3123282660978551,0.05400430570505921
4th Block Jayanagar,12.9262342,77.5834146,0.6719239127411085,0.27244649864545,0.1725955228275265,0.11970074812967581
Kuvempu Nagar,12.9144469,77.6137532,0.1867331650015522,0.0476194653773572,0.3065035780200674,0.06506493506493508
Canara Bank Colony,12.9311905,77.5908939,0.2018442760968226,0.2286091584337027,0.2501329260949014,0.041944444444444444
Hanumagiri,12.9180648,77.5363702,0.830039364368823,0.4519831807639338,0.6252554189396838,0.034545454545454546
Seshadripuram,12.9946631,77.5747183,0.6035254656519741,0.1125940055844374,0.105028582424137,0.12987880032867707
Anand nagar,13.0346991,77.5944561,0.6719239127411085,0.27244649864545,0.1725955228275265,0.06026119402985075
West of Chord Road,12.9974416,77.550126,0.613268072064069,0.0904731273282882,0.1171267777206114,0.05400430570505921
Junnasandra,12.9064203,77.6835161,1.6682331549038187,0.045264709300778,0.4929507433965404,0.061791967044284246
Handenahalli,12.8259815,77.7673455,2.390949713029268,0.27244649864545,2.035815432584753,0.02526315789473684
manyata tech park,13.0482891,77.6211004,0.8156199281859551,0.8333911988543331,0.7382401271292932,0.05400430570505921
Sarvabhouma Nagar,12.9124073,77.5466561,0.4586077276311911,0.2269777296623445,0.2202859531843881,0.0907509881422925
SMV layout,12.8819431,77.6728073,0.5700787712354487,0.9138016697079376,0.2777729023338997,0.11875
"Near Electronic City,",12.9984475,77.5423888,0.2401875638910488,0.0289647412372113,0.1060761348565439,0.046875
Banashankari stage 2,12.9278968,77.5622171,0.6719239127411085,0.27244649864545,0.1725955228275265,0.05400430570505921
Chikkadunnasandra,12.8501962,77.7742942,0.8961240453293158,1.9348256878293713,1.332442647113426,0.03685165329753211
Gattigere,12.9202077,77.5255006,0.4625934746877619,0.5251224864676316,0.2692870887622838,0.053389830508474574
Cottonpet,12.9680234,77.567984,0.192632457182367,0.1475699628484473,0.6859947593427259,0.12857142857142856
Kannur,13.1014045,77.6356543,0.2833321022347779,0.6498841956919428,0.0633699437188298,0.057392102846648294
Sampangi Rama Nagar,12.9666076,77.5925094,0.1622179147292977,0.0608492171699584,0.2076762948492119,0.07766990291262135
BEML Layout 5th stage,12.9083587,77.5209058,0.6719239127411085,0.27244649864545,0.1725955228275265,0.0425
Pragathi Nagar,12.957534,77.7009125,0.3030078134310896,0.0203432254893163,0.1112099863015379,0.0388671875
Ramesh Nagar,12.9633466,77.6800333,1.5482290205251623,0.6450598162077789,0.2044624297730184,0.09464285714285714
Sathya Sai Layout,12.9327296,77.7039713,1.6295483020778063,0.4292081213206989,0.423255606551295,0.12389098519910693
A Narayanapura,12.9959732,77.678136,0.6719239127411085,0.27244649864545,0.1725955228275265,0.058333333333333334
Kenchenahalli,12.9267912,77.5132978,0.6754258945437301,0.2610339073840124,0.1534924344600947,0.05177304964539007
Rajarajeshwari nagar,12.9274413,77.5155224,0.5155007343431423,0.1252575733184623,0.158527396004021,0.037250000000000005
Rajarajeshwarinagar,12.9061275,77.519558,1.090375591346259,0.5388989016345384,0.2228901669180331,0.0425
Vimanapura,12.96218,77.6635462,1.524191750753964,0.3329561643704058,0.3030204466031416,0.03843137254901961
Dodsworth Layout,12.9707633,77.7440476,0.4526327337948164,0.6389441905595293,0.6414038455154861,0.060714285714285714
Vasantapura main road,12.8876583,77.5507012,0.9263871123010678,0.4643383628168489,0.3715656255758924,0.03498553519768563
CQAL Layout,13.0636348,77.5832498,0.7189571897529191,0.5120095682100437,0.0724250725854647,0.0625
Lake City,12.8997376,77.6173368,0.3234794189354568,0.4082385826080998,0.1827174697256895,0.038871794871794874
Lakshmipura,13.0875111,77.5314071,2.584538157339009,0.3722186656767592,0.1408619667752431,0.0625
Okalipura,12.9825341,77.5678787,1.008346840819653,0.4787875139167972,0.5179398730300535,0.05400430570505921
Maruthi Extension,12.9976424,77.5631012,0.62441478236405,0.3296463472429392,0.1186739669080669,0.09
S R Layout,12.9034217,77.5828148,0.2573978387439775,0.3375025457588577,0.3418055235327632,0.043795620437956206
Shirdi Sai Nagar,12.969801,77.6303775,0.1229691144740406,0.0518884653466885,0.771784196632166,0.07083333333333333
"JP Nagar 7th Phase,",12.9118423,77.5870665,0.6329801752082591,0.3390903648578834,0.1705589425580005,0.06187624750499002
J C Nagar,15.3508066,75.1420273,0.8054643006441052,0.0237569163976465,0.0694574936095673,0.06631147540983606
Doddakammanahalli,12.8509089,77.5986785,0.811273112223564,1.1962772318160857,0.7228862883526304,0.04741379310344827
Chikkathoguru,12.8638459,77.653398,0.3027855786168353,0.6370770278721285,0.4737820476449016,0.07622042527702905
Medi Agrahara,13.1029398,77.52051,0.6719239127411085,2.3674493785499675,0.4339340416539696,0.06296296296296296
whitefiled,13.0318443,77.7618779,0.6719239127411085,0.2339032051634827,0.3389246320592702,0.03500534759358288
Richards Town,13.0042369,77.6170601,0.4526324685058399,0.1733256044928783,0.1685262557485226,0.10625
Manorayana Palya,13.0296633,77.6061427,0.2969499459426423,0.1761476939978767,0.341592658200562,0.046875
Attur Layout,13.0994536,77.5680336,0.6719239127411085,0.27244649864545,0.1725955228275265,0.08333333333333333
Glass Factory Layout,12.8762737,77.5668962,0.3723100887375169,0.8707429624456907,1.4666325021061086,0.04586206896551724
Milk Colony,13.0093324,77.5583026,0.3462133103502373,0.4469556593017001,0.1519142505006109,0.2
Chikkakannalli,12.893703,77.7081315,1.6966612682961897,1.8573360086186488,0.7784680658219263,0.06041417182333885
Thanisandra main road,13.0403517,77.6243304,0.1697211657128098,0.1472908390994674,0.0394284588954162,0.14472010178117048
Saptagiri Layout,12.8451256,77.6457413,0.9949690776947824,0.3196679232317243,0.2414660175088889,0.04
Doddabanahalli,13.0156059,77.744183,1.5912658935319923,1.638062760740936,0.6618202734158326,0.04457831325301205
D Group Employees Layout,12.9777008,77.4987763,1.6950767187742286,1.1208347471676157,0.06103297939451,0.19166666666666668
"Whitefield,",12.9957428,77.7579489,1.1144729321489393,0.1704817262594944,0.0133501385811505,0.04437072955697598
Kempegowda Nagar,13.0025745,77.5256814,0.3303085085488997,0.8430060696577572,2.5484504451613117,0.05886003125266928
Vaderahalli,13.0972541,77.5390599,0.6719239127411085,0.8900594975759833,0.2260132735176951,0.052795031055900624
4th Phase JP Nagar,12.9046372,77.5976425,0.6719239127411085,0.27244649864545,0.1725955228275265,0.07651090342679127
Singanayakanahalli,13.1478621,77.5693207,1.213930867520748,2.5909998876130365,0.0322238678489416,0.05067567567567568
SBM Colony,12.938813,77.5526032,0.1557611700867489,0.0258753934408595,2.2153455862593647,0.2074074074074074
Udaya Nagar,12.9963615,77.6724503,0.9813006623567564,0.0398256022550792,0.2896768292883118,0.05918367346938776
Vaishnavi Layout,13.0768415,77.5529965,0.4361377105150205,0.3724424526766487,0.565040477536087,0.0875
Thomas Town,13.0065573,77.6224071,0.2068010392670163,0.1639798397699526,0.1564175714201721,0.046153846153846156
Venkatapura,12.8839153,77.47028,1.7170359165171452,1.628115551632075,0.2336404112214357,0.09441438191438192
t.c palya,13.0160374,77.6910921,1.117556458024879,0.6212843141256551,0.7506781153970944,0.11851851851851852
Ilyas Nagar,12.9070386,77.569309,0.3097095265509736,0.1710488831688957,0.4032136487718641,0.08333333333333333
3rd Phase JP Nagar,12.9114349,77.5992958,0.6719239127411085,0.27244649864545,0.1725955228275265,0.06381720430107526
kanakapura main road,12.9421348,77.5768444,0.7156367711120106,0.1317118372633785,0.1786186217877667,0.05400430570505921
Mailasandra,12.915939,77.4932278,1.1618555906854515,1.0648934335265987,0.3248595791748687,0.05400430570505921
Baba Nagar,12.9695437,77.6300299,0.6719239127411085,0.27244649864545,0.1725955228275265,0.04435064935064935
Badrappa Layout,13.0514401,77.576034,0.6719239127411085,0.27244649864545,0.1725955228275265,0.058666666666666666
Lal Bahadur Shastri Nagar,12.9678103,77.6715478,1.3753526797344136,0.1436293000354117,0.7394478128565196,0.06657904984423677
Puttappa Layout,12.9709603,77.6527383,0.0816562807015587,0.0714220959613454,0.194839606291808,0.10841121495327102
Bethel Nagar,13.0054071,77.7172101,1.333537186113794,0.1062643719888773,0.7967087544655798,0.03415178571428572
tc.palya,13.0226152,77.7057327,2.784675521057892,0.4296754798508252,0.0764740222640324,0.055357142857142855
Dollar Scheme Colony,12.9181537,77.6195361,0.2935310056148922,0.239365547395108,0.2074655552114261,0.08951775916835114
Kodipalya,12.9004224,77.4871294,1.1423584173714307,1.16148974671798,0.1529540956493538,0.06111111111111111
2nd Block Jayanagar,12.9381478,77.5828269,0.6719239127411085,0.27244649864545,0.1725955228275265,0.1134010477299185
DUO Layout,12.869333,77.6403046,0.2492959456149764,0.5609490799582705,1.1283076052519672,0.04564820450395618
Srinivas Colony,12.9639012,77.6472266,0.1953067362975219,0.3424028123099912,0.4231858965544183,0.05400430570505921
Moodalapalya,12.9721131,77.5215397,1.0905053336524015,0.2798175072560317,0.2581661598836696,0.07333333333333333
Subash Nagar,12.9284049,77.5179223,0.4781519669900446,0.3373965521513924,0.3476077385417028,0.06111111111111111
Austin Town,12.9612736,77.6152935,0.6719239127411085,0.27244649864545,0.1725955228275265,0.06
Carmelaram,12.9111998,77.7065133,0.8970592729107723,0.0897244886914631,0.2594225483149464,0.05447548120429477
Hennur Bande,13.0367255,77.6405042,0.2655773488150593,0.0696508453594744,0.1725955228275265,0.13212109672505712
1st Block BEL Layout,13.0703462,77.5555305,0.6719239127411085,0.27244649864545,0.1725955228275265,0.1388888888888889
Makali,13.0655449,77.4533438,0.6719239127411085,0.27244649864545,2.2392726106244023,0.031981132075471694
Singapura Village,13.0797045,77.5384544,1.4452352475653876,0.3519167009104598,0.1725955228275265,0.04603851588256842
"Bellandur,",12.9320495,77.6842915,0.6470596897057579,0.1078135040763627,0.3093518937483647,0.06518987341772152
Marasandra,13.1039235,77.7114248,0.6719239127411085,0.27244649864545,0.6265609725363678,0.05309782608695652
Kalkere Channasandra,13.0377497,77.6881098,1.5802014494666574,1.0480933617449515,0.4457395042056329,0.05400430570505921
Shakthi Nagar,13.0178699,77.6165505,1.43593237338042,0.5777914671223405,0.2644888131117965,0.032
south,12.9287596,77.6287122,0.4371699107950877,0.3295947895128705,0.478226322535922,0.11988304093567251
Rainbow Drive,12.9062184,77.6868318,1.3366599251165243,0.3433401868159537,0.434460185020798,0.092
3rd Block Koramangala,12.9357366,77.624081,0.6719239127411085,0.27244649864545,0.1725955228275265,0.12857142857142856
Jakkasandra Extension,12.927699,77.6409796,0.4371211186181464,0.4378293258229399,0.4665531745816352,0.06
Ganesha Block,13.0253417,77.6019556,0.2978732989891145,0.1742260775634511,0.1681879341726649,0.06519337016574586
Hegganahalli,13.0034737,77.5107376,0.7049846946045976,0.6671817796730509,0.1277241685099431,0.04
Rajanna Layout,12.930774,77.5968998,0.1284740212898413,0.4476441810580274,0.4506624695625336,0.03369175627240144
Nagarbhavi  BDA Complex,12.9793561,77.5105425,2.2798669354972447,0.1844545925175602,0.1725955228275265,0.14166666666666666
Rahat Bagh,12.9914863,77.6613684,0.4533660900039193,0.3233528415451345,0.3426237922293292,0.14102564102564102
Escorts Colony,13.1023262,77.5859726,0.3103146549169259,0.296029724914417,0.7071473414816376,0.03875
Dasappa Layout,13.0828573,77.6491865,1.996690292872502,1.552411583836152,0.4619645160291452,0.06833333333333333
CR Layout,12.874911,77.6107073,0.7466630467587314,0.6774773968578971,0.2771242089767363,0.13377926421404682
Arekempanahalli,12.9446007,77.594691,0.6719239127411085,0.27244649864545,0.1725955228275265,0.07156798959011061
Chamundi Nagar,13.0341222,77.5993048,0.3333389314598071,0.4266749316887104,0.0086912787681086,0.07892857142857143
Shettihalli,13.0587626,77.5263725,2.195477872281649,0.7775993901965903,0.5845035663465729,0.04285714285714286
Ullal Road,12.9553191,77.4935554,2.544921165173912,0.3998423852352031,0.2906989484897045,0.10833333333333334
Hullahalli,12.8244922,77.6175213,1.4789877177909811,0.27244649864545,1.5412292636468827,0.05400430570505921
Krishna Reddy Layout,12.924189,77.6737223,0.7633239336197294,0.0032958674947663,0.038086587113846,0.12522935779816513
Kuvempu Layout,12.9133887,77.6043111,0.0598471305394279,0.0360047559185565,0.3520586412916191,0.05400430570505921
Chickpet,12.9563732,77.7454891,0.7294015250545118,0.327695822523713,0.0289921637620955,0.04371584699453552
T G extension,13.0013982,77.6019511,1.0838103246601092,0.3512983951429656,0.2487591569006688,0.07916666666666666
2nd Block Koramangala,12.9256161,77.6368877,0.6719239127411085,0.27244649864545,0.1725955228275265,0.18166666666666664
Devi Nagar,13.0161096,77.5288243,1.2308574625058986,0.8847201837505813,0.113236209544881,0.05397727272727273
GKW Layout,13.0082322,77.5130081,1.0894703846071223,0.5251973744810181,0.4865401337464747,0.16666666666666666
Gandhi Nagar,12.9771534,77.5800313,1.133804816099534,0.6867707708644267,0.3518723289968088,0.0761904761904762
8th Block Jayanagar,12.9381478,77.5828269,0.6719239127411085,0.27244649864545,0.1725955228275265,0.15
rr nagar,12.9314733,77.5290964,0.6085096871896565,1.3180044239856747,0.41043325292157,0.04285714285714286
Venkateshpuram,13.013003,77.6189465,0.8494823411016602,0.3336166507833136,0.2588144492645509,0.0384
"Judicial Layout, Kanakapura Road,",12.8616691,77.5301618,1.36449429339176,1.3260279487993607,0.0422442353408124,0.04818181818181818
Doddabele,12.8884898,77.4716806,1.2524866819434168,1.3550440126317185,1.481144474068428,0.048
Sadahalli,13.2042628,77.6458748,0.6719239127411085,0.27244649864545,2.677573327729058,0.05400430570505921
Sathya Layout,12.989889,77.7186215,0.4412850466793123,1.232656130461903,0.303601697746533,0.0678191489361702
Shanti Nagar,12.9555367,77.5924278,0.387589716177905,0.064271013913298,0.1045992022380478,0.08
2nd Stage Arekere Mico Layout,12.8905542,77.5941914,0.6719239127411085,0.27244649864545,0.1725955228275265,0.15208333333333335
Jayamahal,12.9959881,77.6014036,0.4937482985651049,0.1860711926187821,0.0366433943842394,0.0908983451536643
Veer Sandra,12.8389813,77.6750305,1.3754973398002093,1.1221760872558748,0.2172484589986804,0.068
RMV Extension Stage 2,13.0222132,77.5781101,0.9297920213791828,0.4408290611503492,0.5292293077768258,0.05400430570505921
Dena Bank Colony,12.9600676,77.6447244,0.4562110388133753,0.4454149492725789,0.1347394513226842,0.057275668256976664
Kadabagere,12.9857708,77.4789451,0.2666616819692993,0.135369099080518,0.0741353473742142,0.04115895166780123
1st Block HBR Layout,13.0379805,77.6388488,0.6719239127411085,0.27244649864545,0.1725955228275265,0.047619047619047616
High grounds,12.9865133,77.5830766,0.2906318770133044,0.2687852123848529,0.3190629687056485,0.1
Guddadahalli,12.9578934,77.5464445,0.358773626994476,0.1940667268148752,0.1960561436199341,0.07939422473320779
Chokkanahalli,13.0850788,77.6263539,1.8047573486416404,0.9336036319256644,0.0860536578966036,0.054473540859103
Telecom Layout,12.965528,77.5467051,0.4933932419245088,0.2948942667801397,0.1362213014067893,0.045
Vikram Nagar,12.8994971,77.5613308,0.6839175812429696,0.63966722821911,0.2125622939066465,0.04
Virupakshapura,13.0638109,77.5717581,1.1120763535348528,1.0656266148758375,0.4494706417271862,0.05116279069767442
Amrita Nagar,13.0260629,77.5750133,0.6719239127411085,0.27244649864545,0.1725955228275265,0.03529411764705882
Gowdanapalya,12.9082156,77.5577974,0.3741948111251568,0.4213737068450008,0.2735021639688012,0.06583333333333333
RR Layout,12.9156177,77.6347321,0.2636537319230709,0.0283033842067878,0.0665989178186072,0.06717086834733893
Billapura,12.8410686,77.7887246,0.6719239127411085,0.27244649864545,0.1725955228275265,0.06179775280898876
Anjana Nagar,13.0257924,77.6037965,0.6719239127411085,0.27244649864545,0.1725955228275265,0.1425831202046036
Subramanya Nagar,13.0047903,77.5599387,0.5281332071909708,0.381664148676234,0.6006807835927794,0.17857142857142858
Janatha Colony,12.8694807,77.6960796,2.075032433969866,0.27244649864545,1.3296558086220664,0.04606715522142902
2nd Block Bel Layout,13.0729675,77.554357,0.6719239127411085,0.27244649864545,0.1725955228275265,0.056615384615384616
sarjapura main road,12.8757178,77.6721743,0.3045563515262633,1.609274418051981,0.1067729143552223,0.10416666666666667
Anekal - Hosur Road,12.6988961,77.7375717,0.6719239127411085,0.27244649864545,0.1725955228275265,0.058333333333333334
Ramamurthy Nagar Extension,12.995811,77.5663291,0.4625455526039752,0.3304764387826284,0.0999163601358794,0.0391038961038961
"2nd phase jp nagar, jp nagar",12.9104062,77.5951099,0.6719239127411085,0.27244649864545,0.1725955228275265,0.05400430570505921
Kamdhenu Nagar,12.9960265,77.6864573,1.3501146389709031,0.5481437195171115,0.2879959781577884,0.046
Narayanappa Garden,12.9647744,77.7511974,0.1957964353128343,0.2636682039067877,0.2696965383025432,0.04745762711864407
Rest House Road,12.9737631,77.6064116,0.4697733657818875,0.2685156028759754,0.1194973608731102,0.18
Vijay Nagar,12.9061307,77.5919954,0.2477513121886565,0.0642079780135999,0.363311472044336,0.05400430570505921
CMH Road,12.9782612,77.6354958,0.1600711442550768,0.0391188037646135,0.0846497580620874,0.13133208255159476
Neelasandra,12.9523859,77.6152058,0.1998100524307973,0.0360935751183535,0.2795567208390921,0.12719298245614036
Yediyur,12.9301531,77.5763445,0.1062181685964848,0.0541490213791439,0.3983409149431265,0.19736842105263158
B K Nagar,12.967755,77.5744105,0.6719239127411085,0.27244649864545,0.1725955228275265,0.125
Vivek Nagar,12.9529247,77.6231374,0.2911312390117584,0.2059599908973091,0.1582469565129211,0.07166666666666667
"Banashankari 6th stage , 2nd block",12.8849238,77.5154846,0.6719239127411085,0.27244649864545,0.1725955228275265,0.16666666666666666
Veerabhadra Nagar,12.9682085,77.6823937,1.047826882506089,0.47446457268756,0.1664316306209319,0.05555555555555555
6th Block Jayanagar,12.9292731,77.5824229,0.6719239127411085,0.27244649864545,0.1725955228275265,0.12142857142857143
Pampa Extension,13.0544256,77.5991953,0.4486281215018443,0.1884668859742877,0.1740165627923811,0.06791171477079797
Koramangala Industrial Layout,12.9332863,77.6147149,0.3393757075264874,0.169995860250447,0.1846758413382064,0.12
Agrahara Dasarahalli,12.9830171,77.5399064,0.6719239127411085,0.27244649864545,0.1725955228275265,0.07208333333333333
Indira Nagar Stage 2,12.9732913,77.6404672,0.1313417961324739,0.2364411182275815,0.066302430776592,0.0802675585284281
Hommadevanahalli,12.8443528,77.5981019,0.2383045336050294,1.549530440144241,0.1725955228275265,0.05393743257820928
BTM Layout 2nd Stage 1st Phase,12.9140082,77.607945,0.6719239127411085,0.27244649864545,0.1725955228275265,0.16458333333333333
T C Palya main Road,13.020674,77.6861834,1.410166113243208,0.4357273746388971,0.2274029227588481,0.04146382978723404
Navodaya Nagar,12.8823286,77.5828765,0.0513500552961687,0.2239914932464633,0.1584995721227021,0.05400430570505921
Shankarapuram,12.9528538,77.5703309,0.2669880570542958,0.0721116054201811,0.2929733764976266,0.11124359653771418
Shetty Halli,13.0502833,77.525675,1.6623197862133423,1.0087002211289058,1.3471748325776944,0.04
Bilal Nagar,12.9208594,77.5996086,0.6719239127411085,0.27244649864545,0.1725955228275265,0.05400430570505921
Krishna Nagar,12.8775024,77.5845488,0.0554107568194895,0.3640757840014274,0.0825485946828874,0.08742424242424243
Kanakapura Main Road,12.9421348,77.5768444,0.7156367711120106,0.1317118372633785,0.1786186217877667,0.05400430570505921
Suryanagar,12.7731527,77.6864397,0.6719239127411085,0.27244649864545,1.6835932453146465,0.03
Duvasapalya,12.9230351,77.4959631,0.3928375289417149,0.5434111200613753,0.0377708009816457,0.04084033613445378
BCMC Layout,12.8766824,77.550238,0.6719239127411085,0.27244649864545,0.1725955228275265,0.055
Uday Nagar,12.9908579,77.6718143,1.0085055281429915,0.0962839498050974,0.3542452026923982,0.06875
Sri Sai Layout,13.0395959,77.64454,0.6382384066467907,0.4657762870782115,0.0838626843753753,0.035
Suragajakkanahalli,12.7361919,77.6654422,0.6719239127411085,0.27244649864545,0.5673662365206859,0.06
SK Garden,13.0045682,77.6069927,0.8057033933644494,0.3399043849451841,0.413531214679302,0.0945945945945946
PNS Layout,13.0648728,77.5841846,0.6564241349471568,0.4551218440794641,0.1008841882828884,0.05400430570505921
Harsha Layout,12.9629824,77.3896189,0.6719239127411085,0.27244649864545,0.3640676703763642,0.03980952380952381
"Electronic city Phase 1,",12.8496783,77.6649749,0.4595483129625888,0.2748843339448802,0.3683790016656897,0.034736842105263156
Naidu Layout,13.0332707,77.5730946,0.5629328014957403,0.2047566808368766,0.3042417846078954,0.052525252525252523
Bandepalya,12.8804001,77.6491258,0.6719239127411085,0.27244649864545,0.1725955228275265,0.042666666666666665
poornaprajna layout,12.908823,77.535944,0.1648376518003903,0.1949828756352889,0.1725955228275265,0.14222222222222222
Annapurneshwari Nagar,12.9770585,77.6318947,0.6719239127411085,0.27244649864545,0.1725955228275265,0.14375
RPC layout,12.9609115,77.5358407,0.3567492402078221,0.1787049993960419,0.2082334812396441,0.06181818181818182
"HSR Layout 7th sector,",12.9193616,77.6511843,0.0977690668422932,0.1264286808642424,0.0632919905418858,0.0811965811965812
Bettadasanapura,12.8416246,77.6318501,0.6719239127411085,0.27244649864545,0.1725955228275265,0.075
Weavers Colony,12.8454948,77.5831295,0.2397240440326137,0.1456046866985844,0.123451186614653,0.03201970443349754
Gulimangala,12.8492767,77.7001531,1.3387301758388974,1.6706637280658971,0.6092649464473953,0.039198606271777
Konena Agrahara,12.9528903,77.6511294,1.1058156336951128,0.2864146491955505,0.570170911964331,0.053023255813953486
Raghavendra Layout,12.8918925,77.579749,0.4468043059982794,0.0243383339266504,0.2298788377416942,0.05511018645198494
Bhattarahalli,13.0255971,77.7145545,0.6719239127411085,0.27244649864545,0.1725955228275265,0.055248618784530384
Bande Nallasandra,12.791765,77.6515627,0.6719239127411085,0.27244649864545,0.1725955228275265,0.05416666666666667
HAL Layout,12.9599648,77.6503055,0.3563824854906349,0.2959670644017932,0.0361506850702498,0.03880597014925373
Vidya Nagar,12.9842424,77.5865075,0.6187929361410335,0.6727651282307282,0.0419122132292654,0.05400430570505921
SHANTHINAGAR,12.9578068,77.5994152,0.2483061579441673,0.6137291006360698,0.3426816784472167,0.06333333333333334
Queens Road,13.0286549,77.5719067,0.6979898240027305,0.4047715625352339,0.1652128439802446,0.05400430570505921
Koppa,12.8548787,77.6096546,1.1929508096045136,1.2918904730484524,0.9936762320557788,0.06666666666666667
RR Nagar,12.9314733,77.5290964,0.6085096871896565,1.3180044239856747,0.41043325292157,0.05246913580246913
Jagadish Nagar,12.9650798,77.6646521,1.4649609405994566,0.2473047123440932,0.3654963306492337,0.060068259385665526
Phase 1 Kammasandra,13.079198,77.7136366,0.6719239127411085,0.27244649864545,0.9154375970634976,0.025458248472505093
Deepanjali Nagar,12.9520466,77.5370399,0.7231018680111357,0.1274252792844952,0.0032498300318003,0.06896551724137931
Kirloskar Layout,13.0669639,77.5009307,0.8578510398022916,0.0330324908564049,0.0987390269149558,0.037083333333333336
KEB Colony,12.9347657,77.5685736,0.1779942168886079,0.2272823709417582,0.0450400127549115,0.035423076923076925
Konappana Agrahara,12.8528618,77.668169,0.1358468655634405,0.0551975593090891,0.1982490321747742,0.04009433962264151
Rajasree Layout,13.0686085,77.5562896,0.8525571884196071,0.0687776885297626,0.2099897254836354,0.0589990323621116
Vinayaka Layout,12.9682111,77.5116639,1.2995112835258162,0.2788470847172916,0.1081967345409251,0.06296296296296296
Bharathnagar,12.9801263,77.4784076,0.6719239127411085,0.27244649864545,0.1725955228275265,0.05400430570505921
Gandhi Bazar,12.9457868,77.5706743,0.2945785021551848,0.0384355151526607,0.0048864188485062,0.07407407407407407
5th Block Jayanagar,12.9200207,77.5811039,0.6719239127411085,0.27244649864545,0.1725955228275265,0.2
"Jayanagar,",12.9292731,77.5824229,0.3865898623691632,0.0485378467709794,0.1753115270525628,0.08670520231213873
Millers Road,12.9952022,77.6030016,0.3983695472944181,0.093151591987127,0.1826364571152099,0.16140350877192983
3rd Block Banashankari,12.9278196,77.556621,0.6719239127411085,0.27244649864545,0.1725955228275265,0.13541666666666666
Dwaraka Nagar,13.1208483,77.6186871,0.6719239127411085,0.1176878916632257,0.0760953687315787,0.05400430570505921
Banashankari 6th Stage,12.8849238,77.5154846,0.6719239127411085,0.27244649864545,0.1725955228275265,0.06015037593984962
Brindavan Layout,12.9683656,77.7606342,0.6819170650582733,1.0828733658332417,0.3138487117680877,0.06818181818181818
Chambenahalli,12.8886379,77.7662379,0.6719239127411085,1.1275818655972858,1.1384566452727094,0.042735042735042736
Dodda Banaswadi,13.0129976,77.6493207,0.5340044032108727,0.1206752834755738,1.4673105693593382,0.046153846153846156
PC Palaya,12.993425,77.7005156,1.7607613982196095,0.12948273800429,0.1379382900224519,0.05333333333333334
Soppahalli,12.7483443,77.6763175,0.6719239127411085,0.27244649864545,1.228196515342248,0.04032258064516129
Jayanti Nagar,13.058277,77.6422554,0.8377474288380705,0.2740555206364269,0.1070992674249418,0.058333333333333334
Prakash Nagar,12.9948984,77.5635409,0.6067248036758738,0.3556086533232376,0.1499804027536985,0.06875
Bharat Nagar,13.0222347,77.5671832,0.6719239127411085,0.27244649864545,0.1725955228275265,0.12
Chikku Lakshmaiah Layout,12.9350706,77.6116041,0.5159776236106293,0.3170018391450538,0.0269986627901981,0.12304234008650125
Gnana Bharathi,12.9551213,77.5174955,0.3491650743275371,0.0712157260962767,0.2504706932869298,0.04392361111111111
Pillahalli,13.1025289,77.4287996,0.6719239127411085,2.5587832802427433,0.0342755109737011,0.04842105263157895
Ashok Nagar,12.9694359,77.6092319,0.6719239127411085,0.27244649864545,0.1725955228275265,0.08534850640113797
Venkateswara Nagar,13.04055,77.5569571,1.3166650714623491,0.5536484392138019,0.089192360531605,0.03333333333333333
Chikkagubbi,13.0822582,77.6616026,2.640390401043137,2.8387281253874304,0.5481236430771734,0.05400430570505921
Banashankari 2 nd Stage,12.8835602,77.5140959,0.6719239127411085,0.27244649864545,0.1725955228275265,0.075
Nanjappa Layout Vidyaranyapura,13.0682587,77.5566819,0.8453676384819615,0.0941621494156507,0.263501197428554,0.09583333333333334
Rajapura,12.7831791,77.6631594,0.6719239127411085,0.27244649864545,2.010061954311539,0.04642599859466018
Raja Rajeshwari Nagara,12.9299784,77.5206938,0.6675635912659034,0.5850266932606282,0.7306708336927413,0.052700065061808715
Thirupalya,12.821203,77.6660463,0.6719239127411085,0.261910346600231,0.4677613551853734,0.06341463414634146
"Haralur Road,",12.9018012,77.6641767,1.3909299035710845,0.8326963261355745,1.3074632901104353,0.05400430570505921
Adugodi,12.9440234,77.6088867,0.6719239127411085,0.27244649864545,0.1725955228275265,0.05412156536219817
RMC YARD,13.0244143,77.5482175,0.9160918889162012,0.8622914683652185,0.1351016176572078,0.08526315789473685
"Panathur Road,",12.9554389,77.7004848,0.5249829117568671,0.1599044124246628,0.1609241174154045,0.056623931623931624
Viviani Road,13.0036422,77.6156972,0.2991198035857793,0.2148791530078639,0.123394534666603,0.15808491418247517
Sampangirama Nagar,12.9795587,77.589992,0.957541672824076,0.9347819212719832,0.2001932986580925,0.050724637681159424
AECS LAYOUT A-BLOCK Singasandra,12.8814296,77.6525387,0.6719239127411085,0.27244649864545,0.1725955228275265,0.1875
Banashankari Stage I,12.8849238,77.5154846,0.6719239127411085,0.27244649864545,0.1725955228275265,0.056666666666666664
4th Block HBR Layout,13.0340406,77.6309958,0.6719239127411085,0.27244649864545,0.1725955228275265,0.115
Michael Palaya,12.9844888,77.6467705,0.6778186322014563,0.4547860310734322,0.2355632839507256,0.16666666666666666
RBI Layout,12.8873819,77.5840351,0.231458753639429,0.371494327219449,0.2283525306245263,0.05958904109589041
Guni Agrahara,13.0980951,77.525062,0.6719239127411085,1.6687914201563478,0.0378075883395582,0.1
Madavara,13.0574214,77.4728055,2.726004390393075,0.27244649864545,0.0444316988853585,0.035
Akash Nagar,12.9591286,77.6974983,0.6719239127411085,0.27244649864545,0.1725955228275265,0.049431230610134436
Harohalli,13.1305028,77.5804603,2.858525029691643,2.851337410703878,0.0342164441334452,0.03984674329501916
"Electronic city phase 1,",12.8496783,77.6649749,0.4595483129625888,0.2748843339448802,0.3683790016656897,0.03391304347826087
Richmond Road,12.9664415,77.6077724,0.1084943661145062,0.1975363589240774,0.1176961152841454,0.18
Govindapura,13.0314519,77.617598,0.362209999404624,0.4145531411510226,0.3429864102947944,0.06717557251908397
Postal Colony,13.0351918,77.5771223,0.2015125228504436,0.2438911697047046,0.1818536499387704,0.13933333333333334
"Gubbi Cross, Hennur Main Road",13.0843481,77.6541567,2.348181931156154,2.092182315851032,0.1725955228275265,0.08333333333333333
Sabari Nagar,12.971655,77.6058944,0.2458152270983837,0.0834437950795256,0.0952760815933602,0.05357142857142857
Ashraya Layout,12.9858241,77.7054539,0.6719239127411085,0.27244649864545,0.1725955228275265,0.05400430570505921
Infantry Road,12.9800074,77.6050137,1.0062691512978843,0.0651765560987084,0.3370996329295899,0.12211981566820276
Ayappa Nagar,12.9709083,77.6700294,0.6719239127411085,0.27244649864545,0.1725955228275265,0.040453074433656956
Billamaranahalli,13.1503834,77.6374474,0.6719239127411085,0.27244649864545,0.1725955228275265,0.05
"Banasawadi,",13.0144163,77.6509289,0.6719239127411085,0.27244649864545,0.1725955228275265,0.05400430570505921
Gayathri Nagar,13.0007574,77.5605988,0.6709707679439141,0.1525923399468557,0.0148312171972895,0.10227272727272728
Old Mangammanapalya Road,12.899926,77.6358309,0.1621677599400381,0.2932326157655021,0.4040971275058385,0.04375
"Kanakapura Road,",12.8622076,77.5303418,1.3512782086849493,1.3148971281446862,0.0503463633456248,0.05042462845010616
Hal old airport road,12.9605468,77.6418995,0.2225608661016408,0.1925162206913442,0.0366145188604201,0.05400430570505921
Anantapuram,13.1147832,77.5789964,0.6719239127411085,0.27244649864545,0.1725955228275265,0.042140468227424746
Bapuji Nagar,12.9556699,77.5402492,0.6719239127411085,0.27244649864545,0.1725955228275265,0.112
Allalasandra,13.0865924,77.5876245,0.6719239127411085,0.27244649864545,0.1725955228275265,0.05400430570505921
Versova Layout,12.9838691,77.6684718,0.3854434807408415,0.3209829327093615,0.5013711629678715,0.10810810810810811
Chikkajala,13.1679234,77.6372834,0.6719239127411085,1.0123183077499145,0.392050475459281,0.058823529411764705
Rahmath Nagar,13.0173076,77.5917019,1.3067703560879775,0.6317841745976311,2.713742030810227,0.07
Chikkanahalli,12.9058433,77.6202731,0.1536657269875274,0.428113538181646,0.8391122270851327,0.049429657794676805
Halanayakanahalli,12.8966653,77.6855489,2.0862299870355527,1.1418329409810235,0.3100591272727716,0.10855263157894737
Air View Colony,12.9547408,77.6612636,0.6719239127411085,0.27244649864545,0.1725955228275265,0.05400430570505921
Arishinakunte,13.0784775,77.4225682,0.6719239127411085,0.27244649864545,0.1725955228275265,0.11666666666666667
mvj engineering college,12.984887,77.7622799,0.7409516210116501,1.131988762836944,0.213367918458035,0.047108333333333335
Annaiah Reddy Layout,12.9797385,77.624122,0.6719239127411085,0.27244649864545,0.1725955228275265,0.042695951765719206
manyata,13.0196646,77.6550064,0.6691563824465189,0.1133279216661081,0.0854226200978659,0.05400430570505921
LIC Colony,12.9091489,77.5853379,0.4274040367563571,0.207957755312552,0.0718594096381369,0.05400430570505921
Dominic Layout,12.9150485,77.5508659,0.6187068460360995,0.4142017911877625,0.1270528315034068,0.03510313901345292
Wheelers Road,12.9995759,77.6230526,0.6964624376785682,0.1545344012969835,0.1500706416512521,0.07351351351351351
"Electronic City Phase 1,",12.8496783,77.6649749,0.4595483129625888,0.2748843339448802,0.3683790016656897,0.03333333333333333
Hanuman Nagar,12.9700949,77.6561147,0.4172433623025059,0.281582293361772,0.2617010415978772,0.052123552123552123
Subhash Nagar,12.9899856,77.5719656,0.4233758605052999,0.2475633510059018,0.0111628299092327,0.05400430570505921
Jogupalya,12.9746882,77.628026,0.1046419335238505,0.2411757828439557,0.2482610283032114,0.05400430570505921
Gulakamale,12.8037601,77.5284309,0.6719239127411085,1.89987744987398,0.6592869318784739,0.05400430570505921
Jakkasandra,12.9206827,77.6357104,0.1402709086320855,0.3115912553041032,0.4861937254477255,0.06375
Kanakapura main  Road,12.9421348,77.5768444,0.7156367711120106,0.1317118372633785,0.1786186217877667,0.03500334448160535
Church Street,12.9746938,77.6525547,0.137259621420324,0.0974027553231825,0.3012745467086757,0.05400430570505921
Prasanna layout Herohalli,12.9974648,77.4970838,1.0211271430201545,0.6868574598905944,0.0390703382986571,0.07777777777777778
Abshot Layout,12.9930728,77.5866428,0.6719239127411085,0.27244649864545,0.1725955228275265,0.16228070175438597
